No.,量測日期,量測時間,X,Y,Z,x,y,Lv,Temprature,
White, , , , , , , , , ,
0,2024/2/27,10:35:57,0.0001,0,0,0.5727,0.3964,0,35.52,
1,2024/2/27,10:35:59,0.0001,0,0,0.6308,0.2372,0,35.49,
2,2024/2/27,10:36:01,0.002,0.0009,-0.0001,0.7094,0.33,0.0009,35.48,
3,2024/2/27,10:36:03,0.0034,0.0016,-0.0001,0.6936,0.3193,0.0016,35.45,
4,2024/2/27,10:36:06,0.0111,0.0052,0.0001,0.6771,0.3195,0.0052,35.41,
5,2024/2/27,10:36:08,0.0131,0.0063,0.0003,0.6638,0.3205,0.0063,35.38,
6,2024/2/27,10:36:10,0.0205,0.0104,0.0016,0.6316,0.3195,0.0104,35.34,
7,2024/2/27,10:36:12,0.036,0.0201,0.0082,0.5597,0.3129,0.0201,35.29,
8,2024/2/27,10:36:14,0.0462,0.0309,0.0146,0.504,0.3367,0.0309,35.23,
9,2024/2/27,10:36:17,0.0846,0.0664,0.0428,0.4362,0.3427,0.0664,35.18,
10,2024/2/27,10:36:19,0.1088,0.0968,0.0593,0.4107,0.3654,0.0968,35.16,
11,2024/2/27,10:36:21,0.2064,0.1916,0.1434,0.3812,0.3539,0.1916,35.09,
12,2024/2/27,10:36:21,0.2318,0.2114,0.1986,0.3612,0.3294,0.2114,35.09,
13,2024/2/27,10:36:22,0.4361,0.418,0.4332,0.3388,0.3247,0.418,35.06,
14,2024/2/27,10:36:23,0.7573,0.7283,0.8938,0.3183,0.3061,0.7283,35.04,
15,2024/2/27,10:36:24,0.8983,0.9162,1.0878,0.3095,0.3157,0.9162,35.02,
16,2024/2/27,10:36:25,1.4298,1.4338,1.9979,0.2941,0.2949,1.4338,35.02,
17,2024/2/27,10:36:26,1.5988,1.6823,2.2191,0.2907,0.3059,1.6823,35.02,
18,2024/2/27,10:36:26,1.8284,1.9194,2.5595,0.2899,0.3043,1.9194,34.95,
19,2024/2/27,10:36:27,1.8647,1.9446,2.6565,0.2884,0.3007,1.9446,34.95,
20,2024/2/27,10:36:28,2.1067,2.2069,2.9379,0.2905,0.3043,2.2069,34.91,
21,2024/2/27,10:36:29,2.2885,2.3631,3.2103,0.2911,0.3006,2.3631,34.88,
22,2024/2/27,10:36:29,2.3976,2.4871,3.3567,0.2909,0.3018,2.4871,34.88,
23,2024/2/27,10:36:30,2.9197,3.0116,4.117,0.2906,0.2997,3.0116,34.86,
24,2024/2/27,10:36:30,3.0358,3.1577,4.2592,0.2904,0.3021,3.1577,34.84,
25,2024/2/27,10:36:31,3.0842,3.2365,4.3433,0.2892,0.3035,3.2365,34.84,
26,2024/2/27,10:36:32,3.0809,3.2538,4.3535,0.2883,0.3044,3.2538,34.80,
27,2024/2/27,10:36:32,4.1272,4.289,5.8519,0.2893,0.3006,4.289,34.80,
28,2024/2/27,10:36:33,4.3144,4.4436,6.1453,0.2895,0.2982,4.4436,34.78,
29,2024/2/27,10:36:33,4.5995,4.7551,6.5265,0.2896,0.2994,4.7551,34.78,
30,2024/2/27,10:36:34,4.9166,5.078,6.9604,0.29,0.2995,5.078,34.78,
31,2024/2/27,10:36:34,5.5447,5.7016,7.9608,0.2887,0.2968,5.7016,34.78,
32,2024/2/27,10:36:35,6.0783,6.2068,8.7391,0.2891,0.2952,6.2068,34.77,
33,2024/2/27,10:36:36,6.5051,6.6844,9.4059,0.2879,0.2958,6.6844,34.70,
34,2024/2/27,10:36:36,6.712,6.9259,9.663,0.2881,0.2972,6.9259,34.70,
35,2024/2/27,10:36:37,7.337,7.5637,10.4208,0.2898,0.2987,7.5637,34.66,
36,2024/2/27,10:36:37,7.7062,7.9303,11.0142,0.2892,0.2976,7.9303,34.66,
37,2024/2/27,10:36:38,7.0569,7.346,10.0837,0.2882,0.3,7.346,34.63,
38,2024/2/27,10:36:38,8.1965,8.4474,11.7263,0.2889,0.2978,8.4474,34.63,
39,2024/2/27,10:36:39,9.16,9.4149,13.0629,0.2895,0.2976,9.4149,34.61,
40,2024/2/27,10:36:39,9.3983,9.6789,13.439,0.289,0.2977,9.6789,34.61,
41,2024/2/27,10:36:40,10.1023,10.4708,14.3589,0.2892,0.2997,10.4708,34.58,
42,2024/2/27,10:36:41,10.1434,10.4972,14.4022,0.2895,0.2996,10.4972,34.55,
43,2024/2/27,10:36:41,11.0451,11.4228,15.6946,0.2894,0.2993,11.4228,34.55,
44,2024/2/27,10:36:42,11.482,11.8365,16.3326,0.2896,0.2985,11.8365,34.52,
45,2024/2/27,10:36:42,11.8115,12.162,16.8082,0.2896,0.2982,12.162,34.52,
46,2024/2/27,10:36:43,13.0654,13.434,18.5388,0.2901,0.2983,13.434,34.50,
47,2024/2/27,10:36:43,13.3614,13.7752,19.0486,0.2893,0.2983,13.7752,34.50,
48,2024/2/27,10:36:44,13.7838,14.1703,19.6314,0.2897,0.2978,14.1703,34.46,
49,2024/2/27,10:36:44,14.3713,14.7387,20.4152,0.2902,0.2976,14.7387,34.46,
50,2024/2/27,10:36:45,15.5113,16.02,22.0361,0.2896,0.2991,16.02,34.46,
51,2024/2/27,10:36:46,16.0813,16.5452,22.7797,0.2902,0.2986,16.5452,34.46,
52,2024/2/27,10:36:46,16.6451,17.1119,23.6084,0.2902,0.2983,17.1119,34.46,
53,2024/2/27,10:36:47,17.2462,17.7089,24.4462,0.2903,0.2981,17.7089,34.38,
54,2024/2/27,10:36:47,18.6439,19.1541,26.4322,0.2903,0.2982,19.1541,34.38,
55,2024/2/27,10:36:48,19.4266,19.9105,27.3947,0.2911,0.2984,19.9105,34.35,
56,2024/2/27,10:36:48,19.9771,20.431,28.1474,0.2914,0.298,20.431,34.35,
57,2024/2/27,10:36:49,20.6361,21.0756,29.1109,0.2914,0.2976,21.0756,34.35,
58,2024/2/27,10:36:49,19.6385,20.2799,27.8444,0.2898,0.2993,20.2799,34.35,
59,2024/2/27,10:36:50,22.806,23.3337,32.21,0.2911,0.2978,23.3337,34.35,
60,2024/2/27,10:36:51,23.4017,23.9117,32.9858,0.2914,0.2978,23.9117,34.31,
61,2024/2/27,10:36:51,25.3096,25.738,35.5521,0.2923,0.2972,25.738,34.31,
62,2024/2/27,10:36:52,26.066,26.5493,36.5335,0.2924,0.2978,26.5493,34.31,
63,2024/2/27,10:36:52,26.9185,27.3082,37.78,0.2926,0.2968,27.3082,34.31,
64,2024/2/27,10:36:53,27.6863,27.9763,38.8481,0.2929,0.296,27.9763,34.24,
65,2024/2/27,10:36:53,30.186,30.56,42.2461,0.2931,0.2967,30.56,34.24,
66,2024/2/27,10:36:54,30.7173,31.2127,43.2798,0.292,0.2967,31.2127,34.16,
67,2024/2/27,10:36:55,31.716,32.1876,44.7072,0.292,0.2964,32.1876,34.16,
68,2024/2/27,10:36:55,32.5913,33.0281,45.9146,0.2922,0.2961,33.0281,34.12,
69,2024/2/27,10:36:56,35.7546,36.2392,50.472,0.292,0.2959,36.2392,34.09,
70,2024/2/27,10:36:56,35.949,36.4615,50.7938,0.2918,0.2959,36.4615,34.09,
71,2024/2/27,10:36:57,39.004,39.5626,55.2577,0.2915,0.2956,39.5626,34.06,
72,2024/2/27,10:36:57,40.2436,40.8236,57.1102,0.2912,0.2954,40.8236,34.06,
73,2024/2/27,10:36:58,42.1925,42.9654,60.35,0.29,0.2953,42.9654,34.03,
74,2024/2/27,10:36:58,42.6585,43.3918,60.8924,0.2903,0.2953,43.3918,34.03,
75,2024/2/27,10:36:59,41.1005,42.1704,59.1542,0.2886,0.2961,42.1704,34.00,
76,2024/2/27,10:37:00,47.2069,47.9518,67.4343,0.2903,0.2949,47.9518,33.98,
77,2024/2/27,10:37:00,49.6672,50.5565,71.3727,0.2894,0.2946,50.5565,33.98,
78,2024/2/27,10:37:01,50.0861,50.9292,71.8272,0.2898,0.2947,50.9292,33.94,
79,2024/2/27,10:37:01,54.0062,54.7512,77.3578,0.2902,0.2942,54.7512,33.94,
80,2024/2/27,10:37:02,56.1136,56.8251,80.4773,0.2901,0.2938,56.8251,33.91,
81,2024/2/27,10:37:02,51.0287,52.1256,73.7024,0.2885,0.2947,52.1256,33.91,
82,2024/2/27,10:37:03,58.6517,59.3882,84.2458,0.2899,0.2936,59.3882,33.91,
83,2024/2/27,10:37:03,62.7867,63.4102,90.2422,0.2901,0.293,63.4102,33.91,
84,2024/2/27,10:37:04,64.3459,64.9173,92.5296,0.2901,0.2927,64.9173,33.91,
85,2024/2/27,10:37:05,66.1476,66.6387,95.1728,0.2902,0.2923,66.6387,33.91,
86,2024/2/27,10:37:05,67.9953,68.4118,97.9134,0.2902,0.292,68.4118,33.91,
87,2024/2/27,10:37:06,71.9959,72.2123,103.7756,0.2903,0.2912,72.2123,33.85,
88,2024/2/27,10:37:06,73.8341,73.9307,106.3931,0.2905,0.2909,73.9307,33.85,
89,2024/2/27,10:37:07,75.6542,75.6248,108.9784,0.2907,0.2906,75.6248,33.77,
90,2024/2/27,10:37:07,79.4694,79.1739,114.4821,0.291,0.2899,79.1739,33.77,
91,2024/2/27,10:37:08,81.1032,80.6706,116.7982,0.2911,0.2896,80.6706,33.73,
92,2024/2/27,10:37:09,82.2138,81.7313,118.4164,0.2912,0.2895,81.7313,33.73,
93,2024/2/27,10:37:09,83.7808,83.1872,120.616,0.2913,0.2893,83.1872,33.70,
94,2024/2/27,10:37:10,77.1857,77.2507,111.8535,0.2899,0.2901,77.2507,33.67,
95,2024/2/27,10:37:10,88.4026,87.5855,127.3352,0.2914,0.2888,87.5855,33.67,
96,2024/2/27,10:37:11,90.4865,89.5864,130.324,0.2915,0.2886,89.5864,33.64,
97,2024/2/27,10:37:11,90.5354,89.6433,130.3582,0.2915,0.2887,89.6433,33.64,
98,2024/2/27,10:37:12,93.2836,92.3992,134.294,0.2915,0.2888,92.3992,33.61,
99,2024/2/27,10:37:12,94.2261,93.3397,135.5572,0.2916,0.2889,93.3397,33.61,
100,2024/2/27,10:37:13,95.1647,94.231,136.7986,0.2917,0.2889,94.231,33.58,
101,2024/2/27,10:37:14,97.5482,96.6158,140.0894,0.2918,0.289,96.6158,33.58,
102,2024/2/27,10:37:14,98.6845,97.7517,141.5565,0.292,0.2892,97.7517,33.55,
103,2024/2/27,10:37:15,100.4151,99.501,143.8606,0.2921,0.2894,99.501,33.52,
104,2024/2/27,10:37:15,101.7807,100.8555,145.6359,0.2922,0.2896,100.8555,33.52,
105,2024/2/27,10:37:16,103.0293,102.1034,147.2995,0.2923,0.2897,102.1034,33.48,
106,2024/2/27,10:37:16,104.5347,103.5982,149.2589,0.2925,0.2899,103.5982,33.48,
107,2024/2/27,10:37:17,105.8014,105.002,151.1708,0.2923,0.2901,105.002,33.46,
108,2024/2/27,10:37:18,105.8664,105.0413,151.1866,0.2924,0.2901,105.0413,33.46,
109,2024/2/27,10:37:18,107.4298,106.5265,152.9882,0.2928,0.2903,106.5265,33.46,
110,2024/2/27,10:37:19,110.053,109.1279,156.4205,0.293,0.2905,109.1279,33.45,
111,2024/2/27,10:37:19,111.104,110.1841,157.795,0.2931,0.2907,110.1841,33.45,
112,2024/2/27,10:37:20,112.1569,111.2512,159.1714,0.2932,0.2908,111.2512,33.38,
113,2024/2/27,10:37:20,114.7686,113.8726,162.5845,0.2934,0.2911,113.8726,33.38,
114,2024/2/27,10:37:21,115.6248,114.7974,163.8327,0.2933,0.2912,114.7974,33.34,
115,2024/2/27,10:37:21,116.4114,115.5857,164.8438,0.2933,0.2913,115.5857,33.34,
116,2024/2/27,10:37:22,119.3356,118.3959,168.4017,0.2938,0.2915,118.3959,33.31,
117,2024/2/27,10:37:23,119.7606,118.8221,168.837,0.2939,0.2916,118.8221,33.31,
118,2024/2/27,10:37:23,121.4181,120.4804,171.0827,0.294,0.2917,120.4804,33.29,
119,2024/2/27,10:37:24,122.539,121.6037,172.5452,0.2941,0.2918,121.6037,33.29,
120,2024/2/27,10:37:24,125.4435,124.4969,176.2627,0.2943,0.2921,124.4969,33.25,
121,2024/2/27,10:37:25,126.72,125.8591,178.1585,0.2942,0.2922,125.8591,33.23,
122,2024/2/27,10:37:25,127.5104,126.6254,179.0579,0.2943,0.2923,126.6254,33.23,
123,2024/2/27,10:37:26,129.0541,128.1081,180.8986,0.2946,0.2924,128.1081,33.19,
124,2024/2/27,10:37:26,116.6271,116.8525,164.1841,0.2933,0.2938,116.8525,33.19,
125,2024/2/27,10:37:27,133.1932,132.1789,186.1756,0.295,0.2927,132.1789,33.16,
126,2024/2/27,10:37:28,135.0369,134.1941,188.4025,0.2951,0.2932,134.1941,33.16,
127,2024/2/27,10:37:28,137.1204,136.0049,191.078,0.2954,0.293,136.0049,33.13,
128,2024/2/27,10:37:29,138.8606,137.8142,193.8194,0.2951,0.2929,137.8142,33.10,
129,2024/2/27,10:37:29,140.4368,139.3067,195.54,0.2955,0.2931,139.3067,33.10,
130,2024/2/27,10:37:30,125.2581,125.4134,175.4421,0.294,0.2943,125.4134,33.08,
131,2024/2/27,10:37:30,142.9592,141.979,199.3532,0.2952,0.2932,141.979,33.08,
132,2024/2/27,10:37:31,147.6507,146.7898,205.5767,0.2953,0.2936,146.7898,33.05,
133,2024/2/27,10:37:32,149.1,148.4813,207.4182,0.2952,0.294,148.4813,33.05,
134,2024/2/27,10:37:32,150.8549,150.2849,209.9166,0.2952,0.2941,150.2849,33.05,
135,2024/2/27,10:37:33,151.6715,151.1172,211.2449,0.2951,0.294,151.1172,33.05,
136,2024/2/27,10:37:33,157.1354,156.7182,218.801,0.295,0.2942,156.7182,33.04,
137,2024/2/27,10:37:34,144.344,145.2507,202.27,0.2935,0.2953,145.2507,32.97,
138,2024/2/27,10:37:34,160.643,160.6232,223.8252,0.2947,0.2947,160.6232,32.97,
139,2024/2/27,10:37:35,162.2547,162.3043,225.8153,0.2948,0.2949,162.3043,32.94,
140,2024/2/27,10:37:35,166.8238,167.1257,232.1316,0.2947,0.2952,167.1257,32.94,
141,2024/2/27,10:37:36,169.5976,169.7052,236.1143,0.2947,0.2949,169.7052,32.91,
142,2024/2/27,10:37:37,171.2188,171.5228,238.2416,0.2947,0.2952,171.5228,32.91,
143,2024/2/27,10:37:37,173.2387,173.6342,241.0835,0.2946,0.2953,173.6342,32.88,
144,2024/2/27,10:37:38,175.3889,175.7189,244.2737,0.2946,0.2951,175.7189,32.88,
145,2024/2/27,10:37:38,179.9396,180.733,250.3242,0.2945,0.2958,180.733,32.84,
146,2024/2/27,10:37:39,181.3789,182.1838,252.7188,0.2943,0.2956,182.1838,32.82,
147,2024/2/27,10:37:39,183.2754,184.1392,255.4771,0.2942,0.2956,184.1392,32.82,
148,2024/2/27,10:37:40,188.4016,189.1869,262.2664,0.2944,0.2957,189.1869,32.79,
149,2024/2/27,10:37:40,190.0319,191.1398,264.475,0.2943,0.296,191.1398,32.79,
150,2024/2/27,10:37:41,192.1884,193.4984,267.4146,0.2943,0.2963,193.4984,32.77,
151,2024/2/27,10:37:42,194.5173,195.8307,270.9433,0.2941,0.2961,195.8307,32.77,
152,2024/2/27,10:37:42,196.3854,197.6954,273.9485,0.294,0.2959,197.6954,32.74,
153,2024/2/27,10:37:43,201.8129,203.2616,281.4267,0.294,0.2961,203.2616,32.74,
154,2024/2/27,10:37:43,203.9439,205.5602,283.8876,0.2941,0.2965,205.5602,32.72,
155,2024/2/27,10:37:44,206.2055,207.7295,286.9582,0.2942,0.2964,207.7295,32.69,
156,2024/2/27,10:37:44,189.8977,192.4404,265.5545,0.2931,0.297,192.4404,32.69,
157,2024/2/27,10:37:45,212.688,214.5835,295.9302,0.2941,0.2967,214.5835,32.67,
158,2024/2/27,10:37:45,213.346,215.2595,296.8118,0.2941,0.2967,215.2595,32.67,
159,2024/2/27,10:37:46,218.4027,220.4762,303.9088,0.294,0.2968,220.4762,32.64,
160,2024/2/27,10:37:47,220.6056,222.692,307.3336,0.2939,0.2967,222.692,32.64,
161,2024/2/27,10:37:47,222.8355,224.9233,310.6001,0.2938,0.2966,224.9233,32.62,
162,2024/2/27,10:37:48,228.2532,230.4476,318.4125,0.2937,0.2965,230.4476,32.62,
163,2024/2/27,10:37:48,231.1637,233.5208,321.549,0.294,0.297,233.5208,32.59,
164,2024/2/27,10:37:49,234.4702,236.9221,326.1893,0.294,0.2971,236.9221,32.57,
165,2024/2/27,10:37:49,237.4157,239.9256,330.3195,0.294,0.2971,239.9256,32.57,
166,2024/2/27,10:37:50,240.6193,243.2524,334.7618,0.2939,0.2971,243.2524,32.55,
167,2024/2/27,10:37:51,243.871,246.4107,340.1533,0.2937,0.2967,246.4107,32.55,
168,2024/2/27,10:37:51,246.3686,249.0639,342.874,0.2939,0.2971,249.0639,32.55,
169,2024/2/27,10:37:52,248.9046,251.5754,346.8001,0.2938,0.2969,251.5754,32.55,
170,2024/2/27,10:37:52,251.1256,253.8239,349.9328,0.2938,0.2969,253.8239,32.55,
171,2024/2/27,10:37:53,253.3467,256.1736,352.4079,0.2939,0.2972,256.1736,32.55,
172,2024/2/27,10:37:53,228.3333,233.0107,319.5118,0.2924,0.2984,233.0107,32.48,
173,2024/2/27,10:37:54,261.0931,264.0053,363.2266,0.2939,0.2972,264.0053,32.48,
174,2024/2/27,10:37:54,264.4051,267.3268,368.2224,0.2938,0.297,267.3268,32.48,
175,2024/2/27,10:37:55,269.1068,272.2087,374.5325,0.2938,0.2972,272.2087,32.49,
176,2024/2/27,10:37:56,271.6962,274.8399,378.1072,0.2938,0.2972,274.8399,32.49,
177,2024/2/27,10:37:56,274.1868,277.3561,381.5443,0.2938,0.2972,277.3561,32.49,
178,2024/2/27,10:37:57,276.5775,279.7146,384.8362,0.2939,0.2972,279.7146,32.49,
179,2024/2/27,10:37:57,282.3109,285.5332,392.9725,0.2938,0.2972,285.5332,32.45,
180,2024/2/27,10:37:58,284.3634,287.5966,395.7618,0.2938,0.2972,287.5966,32.45,
181,2024/2/27,10:37:58,289.8131,293.037,403.3775,0.2939,0.2971,293.037,32.38,
182,2024/2/27,10:37:59,293.2278,296.4907,408.0647,0.2939,0.2971,296.4907,32.35,
183,2024/2/27,10:37:59,296.9103,300.0085,414.1854,0.2936,0.2967,300.0085,32.35,
184,2024/2/27,10:38:00,294.5345,297.8993,410.0002,0.2938,0.2972,297.8993,32.34,
185,2024/2/27,10:38:01,301.3485,304.5648,419.4421,0.2939,0.297,304.5648,32.34,
186,2024/2/27,10:38:01,302.8886,306.0366,421.5765,0.2939,0.297,306.0366,32.31,
187,2024/2/27,10:38:02,309.785,312.897,431.2653,0.2939,0.2969,312.897,32.31,
188,2024/2/27,10:38:02,312.8396,315.6006,435.6376,0.294,0.2966,315.6006,32.29,
189,2024/2/27,10:38:03,315.6873,318.5065,439.7089,0.294,0.2966,318.5065,32.29,
190,2024/2/27,10:38:03,317.9978,321.0564,443.0643,0.2939,0.2967,321.0564,32.29,
191,2024/2/27,10:38:04,324.6086,327.3885,451.9071,0.2941,0.2966,327.3885,32.30,
192,2024/2/27,10:38:04,288.1272,293.1688,403.589,0.2925,0.2977,293.1688,32.30,
193,2024/2/27,10:38:05,328.4625,331.2263,457.6516,0.294,0.2964,331.2263,32.23,
194,2024/2/27,10:38:06,337.4324,338.8686,470.0156,0.2944,0.2956,338.8686,32.23,
195,2024/2/27,10:38:06,343.3789,343.4807,478.1735,0.2947,0.2948,343.4807,32.23,
196,2024/2/27,10:38:07,349.4897,348.5102,486.3981,0.2951,0.2943,348.5102,32.23,
197,2024/2/27,10:38:07,355.6984,354.2574,494.4584,0.2953,0.2941,354.2574,32.23,
198,2024/2/27,10:38:08,369.9324,366.2061,512.9338,0.2962,0.2932,366.2061,32.23,
199,2024/2/27,10:38:08,374.0826,369.7995,518.2016,0.2964,0.293,369.7995,32.23,
200,2024/2/27,10:38:09,379.9864,374.8168,525.77,0.2967,0.2927,374.8168,32.16,
201,2024/2/27,10:38:09,386.0235,379.9951,533.3731,0.2971,0.2924,379.9951,32.16,
202,2024/2/27,10:38:10,398.114,390.1578,548.6204,0.2978,0.2918,390.1578,32.14,
203,2024/2/27,10:38:11,400.4199,392.4306,551.4631,0.2979,0.2919,392.4306,32.14,
204,2024/2/27,10:38:11,403.307,395.3718,555.0737,0.2979,0.2921,395.3718,32.13,
205,2024/2/27,10:38:12,418.3708,409.5045,573.8828,0.2985,0.2921,409.5045,32.13,
206,2024/2/27,10:38:12,422.0111,413.1035,578.4025,0.2986,0.2923,413.1035,32.11,
207,2024/2/27,10:38:13,426.3741,417.025,584.0345,0.2987,0.2922,417.025,32.11,
208,2024/2/27,10:38:13,431.4702,421.4487,590.6513,0.2989,0.2919,421.4487,32.11,
209,2024/2/27,10:38:14,442.1803,431.7882,604.1555,0.2991,0.2921,431.7882,32.13,
210,2024/2/27,10:38:15,391.6162,386.1153,537.659,0.2977,0.2935,386.1153,32.13,
211,2024/2/27,10:38:15,448.4562,438.1777,612.1044,0.2992,0.2924,438.1777,32.06,
212,2024/2/27,10:38:16,462.5256,451.616,629.7907,0.2996,0.2925,451.616,32.06,
213,2024/2/27,10:38:16,466.3999,455.0235,634.8393,0.2997,0.2924,455.0235,32.05,
214,2024/2/27,10:38:17,412.5943,405.9406,564.6591,0.2983,0.2935,405.9406,32.05,
215,2024/2/27,10:38:17,476.8259,464.6121,648.2309,0.3,0.2923,464.6121,32.02,
216,2024/2/27,10:38:18,488.5004,475.551,663.0116,0.3002,0.2923,475.551,32.02,
217,2024/2/27,10:38:18,491.5882,479.3389,666.8144,0.3002,0.2927,479.3389,32.01,
218,2024/2/27,10:38:19,501.3998,487.7785,679.4914,0.3005,0.2923,487.7785,31.99,
219,2024/2/27,10:38:20,456.4866,448.2044,620.6647,0.2993,0.2938,448.2044,31.99,
220,2024/2/27,10:38:20,515.3797,501.0082,697.3292,0.3007,0.2924,501.0082,31.99,
221,2024/2/27,10:38:21,518.8132,504.266,701.8079,0.3008,0.2923,504.266,31.99,
222,2024/2/27,10:38:21,524.1027,509.4493,708.663,0.3008,0.2924,509.4493,32.02,
223,2024/2/27,10:38:22,534.4829,519.1226,721.9526,0.301,0.2924,519.1226,32.02,
224,2024/2/27,10:38:22,537.408,522.2943,725.6497,0.301,0.2925,522.2943,31.97,
225,2024/2/27,10:38:23,542.4481,527.0216,732.1379,0.3011,0.2925,527.0216,31.97,
226,2024/2/27,10:38:23,549.515,533.1588,741.4015,0.3013,0.2923,533.1588,31.95,
227,2024/2/27,10:38:24,559.0244,542.0602,753.5847,0.3014,0.2923,542.0602,31.94,
228,2024/2/27,10:38:25,565.8616,548.4971,762.3305,0.3015,0.2923,548.4971,31.94,
229,2024/2/27,10:38:25,572.5788,554.9577,771.0153,0.3016,0.2923,554.9577,31.93,
230,2024/2/27,10:38:26,584.9407,566.4208,786.8851,0.3018,0.2922,566.4208,31.93,
231,2024/2/27,10:38:26,568.1448,551.5815,764.6909,0.3015,0.2927,551.5815,31.93,
232,2024/2/27,10:38:27,592.2161,573.7045,796.2446,0.3018,0.2924,573.7045,31.93,
233,2024/2/27,10:38:27,557.3387,541.7952,751.0893,0.3012,0.2928,541.7952,31.96,
234,2024/2/27,10:38:28,537.0942,523.9982,725.1474,0.3007,0.2934,523.9982,31.96,
235,2024/2/27,10:38:28,621.3476,600.2813,833.8696,0.3023,0.292,600.2813,31.90,
236,2024/2/27,10:38:29,548.9936,535.2482,740.8029,0.3008,0.2933,535.2482,31.90,
237,2024/2/27,10:38:30,630.2477,608.6491,845.7076,0.3023,0.292,608.6491,31.90,
238,2024/2/27,10:38:30,634.7866,613.2278,851.4383,0.3024,0.2921,613.2278,31.92,
239,2024/2/27,10:38:31,561.4238,547.7315,756.9346,0.3009,0.2935,547.7315,31.92,
240,2024/2/27,10:38:31,650.7673,627.8035,872.4449,0.3025,0.2919,627.8035,31.86,
241,2024/2/27,10:38:32,657.0244,633.7396,880.8214,0.3026,0.2918,633.7396,31.86,
242,2024/2/27,10:38:32,662.6568,639.0116,888.2806,0.3026,0.2918,639.0116,31.85,
243,2024/2/27,10:38:33,666.3518,642.5193,893.1532,0.3026,0.2918,642.5193,31.85,
244,2024/2/27,10:38:34,680.9031,656.2831,912.2299,0.3027,0.2918,656.2831,31.84,
245,2024/2/27,10:38:34,686.4479,662.2611,919.5346,0.3026,0.292,662.2611,31.84,
246,2024/2/27,10:38:35,608.6082,592.4414,819.3592,0.3012,0.2932,592.4414,31.84,
247,2024/2/27,10:38:35,669.895,647.4156,898.5332,0.3023,0.2922,647.4156,31.84,
248,2024/2/27,10:38:36,708.5231,682.9526,949.3295,0.3027,0.2918,682.9526,31.84,
249,2024/2/27,10:38:36,714.0844,688.3919,957.1029,0.3026,0.2917,688.3919,31.88,
250,2024/2/27,10:38:37,719.7708,693.9017,965.0009,0.3026,0.2917,693.9017,31.88,
251,2024/2/27,10:38:37,725.4158,699.3525,973.1384,0.3025,0.2917,699.3525,31.83,
252,2024/2/27,10:38:38,648.957,631.2984,876.206,0.3009,0.2927,631.2984,31.83,
253,2024/2/27,10:38:39,748.1818,720.9774,1006.7813,0.3022,0.2912,720.9774,31.82,
254,2024/2/27,10:38:39,755.41,727.8387,1017.5156,0.3021,0.291,727.8387,31.81,
255,2024/2/27,10:38:40,757.6694,730.0615,1021.3983,0.302,0.291,730.0615,31.81,
Red, , , , , , , , , ,
0,2024/2/27,10:38:42,0,0,0,1.0201,0.7068,0,31.79,
1,2024/2/27,10:38:45,0.0001,0,-0.0001,2.794,1.2772,0,31.75,
2,2024/2/27,10:38:47,0.0005,0.0002,-0.0001,0.8121,0.3497,0.0002,31.73,
3,2024/2/27,10:38:49,0.0022,0.001,-0.0001,0.7086,0.3212,0.001,31.70,
4,2024/2/27,10:38:51,0.0115,0.0052,0,0.6905,0.3118,0.0052,31.72,
5,2024/2/27,10:38:53,0.0156,0.0071,0,0.6883,0.3133,0.0071,31.62,
6,2024/2/27,10:38:55,0.0199,0.009,-0.0001,0.6914,0.313,0.009,31.59,
7,2024/2/27,10:38:58,0.0255,0.0116,0,0.6881,0.3126,0.0116,31.62,
8,2024/2/27,10:39:00,0.0491,0.0223,0,0.6884,0.3123,0.0223,31.54,
9,2024/2/27,10:39:02,0.0592,0.0269,-0.0001,0.688,0.3126,0.0269,31.50,
10,2024/2/27,10:39:04,0.0862,0.0392,-0.0001,0.6883,0.3126,0.0392,31.48,
11,2024/2/27,10:39:06,0.1151,0.0523,-0.0001,0.6879,0.3125,0.0523,31.43,
12,2024/2/27,10:39:08,0.2013,0.0914,0,0.6877,0.3123,0.0914,31.40,
13,2024/2/27,10:39:09,0.2647,0.12,-0.0003,0.6886,0.3123,0.12,31.40,
14,2024/2/27,10:39:09,0.3753,0.1702,-0.0005,0.6887,0.3123,0.1702,31.42,
15,2024/2/27,10:39:10,0.4883,0.2216,-0.0005,0.6883,0.3124,0.2216,31.36,
16,2024/2/27,10:39:11,0.7936,0.3605,0.0001,0.6876,0.3123,0.3605,31.36,
17,2024/2/27,10:39:12,0.8561,0.3884,-0.0002,0.688,0.3122,0.3884,31.34,
18,2024/2/27,10:39:13,0.9525,0.4325,-0.0005,0.688,0.3124,0.4325,31.34,
19,2024/2/27,10:39:14,1.0011,0.4542,-0.0006,0.6882,0.3122,0.4542,31.36,
20,2024/2/27,10:39:15,1.1582,0.526,-0.0001,0.6877,0.3123,0.526,31.29,
21,2024/2/27,10:39:15,1.2426,0.5644,0.0003,0.6876,0.3123,0.5644,31.27,
22,2024/2/27,10:39:16,1.403,0.637,-0.0001,0.6878,0.3123,0.637,31.27,
23,2024/2/27,10:39:17,1.5043,0.6832,0.0003,0.6876,0.3123,0.6832,31.25,
24,2024/2/27,10:39:18,1.6569,0.7521,0.0006,0.6876,0.3121,0.7521,31.23,
25,2024/2/27,10:39:19,1.8097,0.8219,0.0004,0.6876,0.3123,0.8219,31.23,
26,2024/2/27,10:39:20,1.9765,0.897,-0.0004,0.6879,0.3122,0.897,31.24,
27,2024/2/27,10:39:20,2.0663,0.9371,0.0012,0.6877,0.3119,0.9371,31.17,
28,2024/2/27,10:39:21,2.3631,1.0732,0.0008,0.6875,0.3122,1.0732,31.17,
29,2024/2/27,10:39:22,2.6865,1.2215,0.003,0.6869,0.3123,1.2215,31.15,
30,2024/2/27,10:39:22,2.7211,1.2367,0.0022,0.6871,0.3123,1.2367,31.12,
31,2024/2/27,10:39:23,3.0418,1.3812,0.0013,0.6875,0.3122,1.3812,31.12,
32,2024/2/27,10:39:24,3.2006,1.454,0.0015,0.6874,0.3123,1.454,31.10,
33,2024/2/27,10:39:24,3.4108,1.5499,0.0018,0.6873,0.3123,1.5499,31.10,
34,2024/2/27,10:39:25,3.6702,1.6679,0.0025,0.6872,0.3123,1.6679,31.09,
35,2024/2/27,10:39:25,3.9769,1.8071,0.002,0.6873,0.3123,1.8071,31.09,
36,2024/2/27,10:39:26,4.1412,1.883,0.0036,0.687,0.3124,1.883,31.06,
37,2024/2/27,10:39:26,4.3131,1.9598,0.0021,0.6874,0.3123,1.9598,31.05,
38,2024/2/27,10:39:27,4.5707,2.0779,0.0016,0.6873,0.3125,2.0779,31.05,
39,2024/2/27,10:39:28,4.939,2.2434,0.0025,0.6874,0.3122,2.2434,31.02,
40,2024/2/27,10:39:28,5.1089,2.3213,0.0041,0.6872,0.3122,2.3213,31.02,
41,2024/2/27,10:39:29,5.3513,2.4321,0.0022,0.6873,0.3124,2.4321,31.01,
42,2024/2/27,10:39:29,5.6848,2.5838,0.0013,0.6874,0.3124,2.5838,31.01,
43,2024/2/27,10:39:30,6.0571,2.7519,0.0034,0.6873,0.3123,2.7519,30.98,
44,2024/2/27,10:39:30,6.1947,2.8147,0.0007,0.6875,0.3124,2.8147,30.98,
45,2024/2/27,10:39:31,6.3586,2.8896,0.0039,0.6873,0.3123,2.8896,30.96,
46,2024/2/27,10:39:31,7.1793,3.2635,0.003,0.6873,0.3124,3.2635,30.96,
47,2024/2/27,10:39:32,7.5613,3.4362,0.0035,0.6873,0.3124,3.4362,30.96,
48,2024/2/27,10:39:33,7.7125,3.5062,0.0053,0.6871,0.3124,3.5062,30.98,
49,2024/2/27,10:39:33,8.1329,3.6966,0.005,0.6872,0.3124,3.6966,30.98,
50,2024/2/27,10:39:34,8.5514,3.8863,0.0014,0.6875,0.3124,3.8863,30.91,
51,2024/2/27,10:39:34,9.0954,4.1332,0.0043,0.6873,0.3123,4.1332,30.91,
52,2024/2/27,10:39:35,9.3468,4.2479,0.004,0.6873,0.3124,4.2479,30.88,
53,2024/2/27,10:39:35,9.7712,4.4416,0.0056,0.6872,0.3124,4.4416,30.85,
54,2024/2/27,10:39:36,10.2581,4.6627,0.0075,0.6872,0.3123,4.6627,30.85,
55,2024/2/27,10:39:37,11.0713,5.0324,0.0036,0.6873,0.3124,5.0324,30.84,
56,2024/2/27,10:39:37,11.0499,5.0217,-0.0001,0.6875,0.3125,5.0217,30.84,
57,2024/2/27,10:39:38,12.1161,5.5072,0.002,0.6874,0.3125,5.5072,30.81,
58,2024/2/27,10:39:38,12.4688,5.6677,0.0052,0.6873,0.3124,5.6677,30.81,
59,2024/2/27,10:39:39,12.8032,5.8213,0.003,0.6873,0.3125,5.8213,30.78,
60,2024/2/27,10:39:39,13.2523,6.0231,0.0053,0.6873,0.3124,6.0231,30.78,
61,2024/2/27,10:39:40,14.3877,6.5402,0.0056,0.6873,0.3124,6.5402,30.77,
62,2024/2/27,10:39:40,14.9024,6.7738,0.0032,0.6874,0.3125,6.7738,30.74,
63,2024/2/27,10:39:41,15.1465,6.8861,0.0066,0.6873,0.3124,6.8861,30.74,
64,2024/2/27,10:39:42,15.8304,7.1988,0.0029,0.6873,0.3126,7.1988,30.72,
65,2024/2/27,10:39:42,17.1814,7.8097,0.0053,0.6874,0.3124,7.8097,30.72,
66,2024/2/27,10:39:43,17.5543,7.9804,0.0041,0.6874,0.3125,7.9804,30.70,
67,2024/2/27,10:39:43,18.886,8.5835,0.0068,0.6874,0.3124,8.5835,30.70,
68,2024/2/27,10:39:44,18.8384,8.5654,0.007,0.6873,0.3125,8.5654,30.68,
69,2024/2/27,10:39:44,20.4449,9.2964,0.0069,0.6873,0.3125,9.2964,30.68,
70,2024/2/27,10:39:45,21.323,9.6969,0.0092,0.6872,0.3125,9.6969,30.65,
71,2024/2/27,10:39:45,22.0869,10.043,0.0092,0.6872,0.3125,10.043,30.63,
72,2024/2/27,10:39:46,22.4818,10.2221,0.0079,0.6873,0.3125,10.2221,30.63,
73,2024/2/27,10:39:47,21.1713,9.5878,0.007,0.6881,0.3116,9.5878,30.60,
74,2024/2/27,10:39:47,21.8589,9.897,0.0092,0.6881,0.3116,9.897,30.60,
75,2024/2/27,10:39:48,22.92,10.3776,0.0054,0.6882,0.3116,10.3776,30.59,
76,2024/2/27,10:39:48,26.6062,12.0983,0.0114,0.6872,0.3125,12.0983,30.59,
77,2024/2/27,10:39:49,28.2463,12.8457,0.0096,0.6872,0.3125,12.8457,30.56,
78,2024/2/27,10:39:49,29.3815,13.3587,0.0148,0.6872,0.3124,13.3587,30.56,
79,2024/2/27,10:39:50,30.483,13.8612,0.0114,0.6872,0.3125,13.8612,30.54,
80,2024/2/27,10:39:50,31.3343,14.2508,0.0149,0.6872,0.3125,14.2508,30.52,
81,2024/2/27,10:39:51,33.1661,15.0823,0.0146,0.6872,0.3125,15.0823,30.52,
82,2024/2/27,10:39:52,34.197,15.5516,0.011,0.6872,0.3125,15.5516,30.49,
83,2024/2/27,10:39:52,35.6507,16.2151,0.0176,0.6871,0.3125,16.2151,30.49,
84,2024/2/27,10:39:53,36.5762,16.6373,0.0142,0.6872,0.3126,16.6373,30.47,
85,2024/2/27,10:39:53,39.1991,17.8298,0.0173,0.6871,0.3126,17.8298,30.47,
86,2024/2/27,10:39:54,41.4671,18.8603,0.0131,0.6872,0.3126,18.8603,30.45,
87,2024/2/27,10:39:54,42.0504,19.1236,0.0182,0.6872,0.3125,19.1236,30.45,
88,2024/2/27,10:39:55,42.6624,19.4047,0.021,0.6871,0.3125,19.4047,30.42,
89,2024/2/27,10:39:56,39.7641,18.0285,0.0186,0.6878,0.3119,18.0285,30.40,
90,2024/2/27,10:39:56,47.3678,21.5456,0.0163,0.6872,0.3126,21.5456,30.40,
91,2024/2/27,10:39:57,47.7113,21.7008,0.0188,0.6872,0.3126,21.7008,30.38,
92,2024/2/27,10:39:57,48.4562,22.0399,0.0225,0.6871,0.3125,22.0399,30.38,
93,2024/2/27,10:39:58,49.287,22.4201,0.0218,0.6871,0.3126,22.4201,30.36,
94,2024/2/27,10:39:58,50.1098,22.7742,0.021,0.6873,0.3124,22.7742,30.36,
95,2024/2/27,10:39:59,52.4329,23.8449,0.0188,0.6872,0.3125,23.8449,30.34,
96,2024/2/27,10:39:59,52.9249,24.0706,0.0184,0.6872,0.3125,24.0706,30.34,
97,2024/2/27,10:40:00,54.8377,24.9434,0.0265,0.6871,0.3125,24.9434,30.31,
98,2024/2/27,10:40:01,48.4783,21.9552,0.0132,0.6882,0.3117,21.9552,30.29,
99,2024/2/27,10:40:01,55.9077,25.4283,0.0227,0.6872,0.3125,25.4283,30.29,
100,2024/2/27,10:40:02,56.5158,25.7107,0.0239,0.6871,0.3126,25.7107,30.29,
101,2024/2/27,10:40:02,58,26.384,0.0175,0.6872,0.3126,26.384,30.29,
102,2024/2/27,10:40:03,58.8071,26.7492,0.0183,0.6872,0.3126,26.7492,30.29,
103,2024/2/27,10:40:03,59.4195,27.027,0.0256,0.6872,0.3126,27.027,30.29,
104,2024/2/27,10:40:04,59.967,27.2766,0.0287,0.6871,0.3125,27.2766,30.22,
105,2024/2/27,10:40:04,60.8099,27.6647,0.0219,0.6871,0.3126,27.6647,30.20,
106,2024/2/27,10:40:05,62.3056,28.3438,0.0273,0.6871,0.3126,28.3438,30.20,
107,2024/2/27,10:40:06,63.0069,28.6643,0.0232,0.6871,0.3126,28.6643,30.17,
108,2024/2/27,10:40:06,63.7292,28.9905,0.0269,0.6871,0.3126,28.9905,30.17,
109,2024/2/27,10:40:07,65.0286,29.5833,0.0215,0.6872,0.3126,29.5833,30.17,
110,2024/2/27,10:40:07,65.6958,29.8895,0.0241,0.6871,0.3126,29.8895,30.17,
111,2024/2/27,10:40:08,60.8566,27.6055,0.0235,0.6878,0.312,27.6055,30.19,
112,2024/2/27,10:40:08,67.4401,30.6818,0.0264,0.6871,0.3126,30.6818,30.19,
113,2024/2/27,10:40:09,68.8915,31.3424,0.0294,0.6871,0.3126,31.3424,30.12,
114,2024/2/27,10:40:10,69.5339,31.635,0.0253,0.6871,0.3126,31.635,30.12,
115,2024/2/27,10:40:10,70.1354,31.9093,0.029,0.6871,0.3126,31.9093,30.09,
116,2024/2/27,10:40:11,71.3211,32.4476,0.0246,0.6871,0.3126,32.4476,30.07,
117,2024/2/27,10:40:11,72.6299,33.0408,0.028,0.6871,0.3126,33.0408,30.07,
118,2024/2/27,10:40:12,73.4123,33.3986,0.0316,0.6871,0.3126,33.3986,30.05,
119,2024/2/27,10:40:12,74.3758,33.839,0.0254,0.6871,0.3126,33.839,30.05,
120,2024/2/27,10:40:13,75.3459,34.2829,0.0257,0.6871,0.3126,34.2829,30.05,
121,2024/2/27,10:40:13,70.5024,31.9865,0.029,0.6877,0.312,31.9865,30.05,
122,2024/2/27,10:40:14,77.6608,35.3354,0.0327,0.6871,0.3126,35.3354,30.07,
123,2024/2/27,10:40:15,72.7778,33.0101,0.0249,0.6878,0.312,33.0101,30.07,
124,2024/2/27,10:40:15,79.5711,36.2047,0.031,0.6871,0.3126,36.2047,30.01,
125,2024/2/27,10:40:16,80.9694,36.8407,0.0265,0.6871,0.3126,36.8407,29.98,
126,2024/2/27,10:40:16,81.8161,37.2214,0.0391,0.6871,0.3126,37.2214,29.98,
127,2024/2/27,10:40:17,82.6629,37.6088,0.0294,0.6871,0.3126,37.6088,29.95,
128,2024/2/27,10:40:17,83.9425,38.1897,0.0327,0.6871,0.3126,38.1897,29.95,
129,2024/2/27,10:40:18,85.3813,38.8512,0.0369,0.6871,0.3126,38.8512,29.94,
130,2024/2/27,10:40:18,86.2923,39.2597,0.0384,0.6871,0.3126,39.2597,29.94,
131,2024/2/27,10:40:19,87.3597,39.747,0.0344,0.6871,0.3126,39.747,29.91,
132,2024/2/27,10:40:20,89.7095,40.8193,0.0375,0.6871,0.3126,40.8193,29.91,
133,2024/2/27,10:40:20,90.5775,41.2114,0.0328,0.6871,0.3126,41.2114,29.90,
134,2024/2/27,10:40:21,91.5781,41.6647,0.0422,0.6871,0.3126,41.6647,29.88,
135,2024/2/27,10:40:21,94.4783,42.9858,0.0396,0.6871,0.3126,42.9858,29.88,
136,2024/2/27,10:40:22,95.4868,43.4459,0.0367,0.6871,0.3126,43.4459,29.88,
137,2024/2/27,10:40:22,84.6799,38.3633,0.0358,0.688,0.3117,38.3633,29.88,
138,2024/2/27,10:40:23,98.6665,44.8968,0.0429,0.6871,0.3126,44.8968,29.89,
139,2024/2/27,10:40:23,99.7916,45.4082,0.043,0.6871,0.3126,45.4082,29.89,
140,2024/2/27,10:40:24,102.5912,46.6822,0.0512,0.687,0.3126,46.6822,29.83,
141,2024/2/27,10:40:25,103.2569,46.9867,0.0445,0.6871,0.3126,46.9867,29.83,
142,2024/2/27,10:40:25,104.0984,47.3677,0.0407,0.6871,0.3126,47.3677,29.80,
143,2024/2/27,10:40:26,93.2921,42.2709,0.0408,0.688,0.3117,42.2709,29.79,
144,2024/2/27,10:40:26,108.4566,49.3513,0.0452,0.6871,0.3126,49.3513,29.79,
145,2024/2/27,10:40:27,109.2139,49.6967,0.0376,0.6871,0.3127,49.6967,29.77,
146,2024/2/27,10:40:27,97.1692,44.0303,0.038,0.688,0.3117,44.0303,29.77,
147,2024/2/27,10:40:28,113.5233,51.6581,0.0483,0.6871,0.3126,51.6581,29.74,
148,2024/2/27,10:40:28,114.5381,52.1229,0.0449,0.6871,0.3127,52.1229,29.74,
149,2024/2/27,10:40:29,115.8261,52.7067,0.0493,0.6871,0.3126,52.7067,29.73,
150,2024/2/27,10:40:30,118.6361,53.9862,0.0574,0.687,0.3126,53.9862,29.73,
151,2024/2/27,10:40:30,119.8703,54.5506,0.0543,0.687,0.3127,54.5506,29.70,
152,2024/2/27,10:40:31,121.1063,55.1118,0.0498,0.6871,0.3127,55.1118,29.70,
153,2024/2/27,10:40:31,123.5969,56.2426,0.0505,0.6871,0.3127,56.2426,29.70,
154,2024/2/27,10:40:32,125.1997,56.9756,0.0536,0.687,0.3127,56.9756,29.73,
155,2024/2/27,10:40:32,126.5673,57.5979,0.0511,0.6871,0.3127,57.5979,29.73,
156,2024/2/27,10:40:33,129.2702,58.828,0.0574,0.687,0.3127,58.828,29.66,
157,2024/2/27,10:40:33,130.4168,59.3475,0.0542,0.6871,0.3127,59.3475,29.66,
158,2024/2/27,10:40:34,132.1164,60.1261,0.0574,0.687,0.3127,60.1261,29.64,
159,2024/2/27,10:40:35,134.8588,61.3776,0.0561,0.687,0.3127,61.3776,29.64,
160,2024/2/27,10:40:35,135.8465,61.8293,0.0596,0.687,0.3127,61.8293,29.62,
161,2024/2/27,10:40:36,137.9659,62.7865,0.0558,0.6871,0.3127,62.7865,29.61,
162,2024/2/27,10:40:36,140.7535,64.0572,0.0656,0.687,0.3127,64.0572,29.61,
163,2024/2/27,10:40:37,141.8475,64.5528,0.061,0.687,0.3127,64.5528,29.60,
164,2024/2/27,10:40:37,143.8545,65.4662,0.0593,0.6871,0.3127,65.4662,29.60,
165,2024/2/27,10:40:38,145.7712,66.3446,0.0617,0.687,0.3127,66.3446,29.58,
166,2024/2/27,10:40:38,148.4312,67.5521,0.0592,0.687,0.3127,67.5521,29.58,
167,2024/2/27,10:40:39,149.9729,68.254,0.0644,0.687,0.3127,68.254,29.57,
168,2024/2/27,10:40:40,151.8774,69.1209,0.0679,0.687,0.3127,69.1209,29.57,
169,2024/2/27,10:40:40,153.8857,70.035,0.0734,0.687,0.3127,70.035,29.57,
170,2024/2/27,10:40:41,137.4811,62.3041,0.0552,0.688,0.3118,62.3041,29.57,
171,2024/2/27,10:40:41,158.0997,71.9575,0.067,0.687,0.3127,71.9575,29.57,
172,2024/2/27,10:40:42,160.181,72.899,0.0676,0.687,0.3127,72.899,29.58,
173,2024/2/27,10:40:42,162.2241,73.8287,0.0682,0.687,0.3127,73.8287,29.58,
174,2024/2/27,10:40:43,164.8465,75.0294,0.0783,0.687,0.3127,75.0294,29.52,
175,2024/2/27,10:40:43,166.2201,75.6499,0.072,0.687,0.3127,75.6499,29.52,
176,2024/2/27,10:40:44,168.9014,76.8708,0.0703,0.687,0.3127,76.8708,29.52,
177,2024/2/27,10:40:45,172.4496,78.4849,0.0799,0.687,0.3127,78.4849,29.52,
178,2024/2/27,10:40:45,172.7574,78.6305,0.0786,0.687,0.3127,78.6305,29.54,
179,2024/2/27,10:40:46,154.3635,69.9597,0.0644,0.6879,0.3118,69.9597,29.54,
180,2024/2/27,10:40:46,179.4965,81.6944,0.0762,0.687,0.3127,81.6944,29.54,
181,2024/2/27,10:40:47,181.2487,82.4899,0.0826,0.687,0.3127,82.4899,29.51,
182,2024/2/27,10:40:47,182.2287,82.945,0.0791,0.687,0.3127,82.945,29.51,
183,2024/2/27,10:40:48,183.5118,83.5271,0.0761,0.687,0.3127,83.5271,29.44,
184,2024/2/27,10:40:48,188.3057,85.7072,0.0778,0.687,0.3127,85.7072,29.44,
185,2024/2/27,10:40:49,190.0797,86.5107,0.0815,0.687,0.3127,86.5107,29.42,
186,2024/2/27,10:40:50,191.0956,86.9733,0.0854,0.687,0.3127,86.9733,29.42,
187,2024/2/27,10:40:50,192.8069,87.7609,0.0807,0.687,0.3127,87.7609,29.42,
188,2024/2/27,10:40:51,197.6624,89.9634,0.088,0.687,0.3127,89.9634,29.42,
189,2024/2/27,10:40:51,200.5282,91.276,0.0935,0.687,0.3127,91.276,29.42,
190,2024/2/27,10:40:52,201.1047,91.5336,0.0862,0.687,0.3127,91.5336,29.43,
191,2024/2/27,10:40:52,205.3066,93.4411,0.0837,0.687,0.3127,93.4411,29.43,
192,2024/2/27,10:40:53,207.2166,94.3098,0.0894,0.687,0.3127,94.3098,29.37,
193,2024/2/27,10:40:53,210.6672,95.8886,0.0914,0.687,0.3127,95.8886,29.37,
194,2024/2/27,10:40:54,215.39,98.0345,0.0903,0.687,0.3127,98.0345,29.35,
195,2024/2/27,10:40:55,219.1337,99.7413,0.0978,0.687,0.3127,99.7413,29.35,
196,2024/2/27,10:40:55,223.7779,101.8579,0.0977,0.687,0.3127,101.8579,29.35,
197,2024/2/27,10:40:56,229.4198,104.4235,0.1034,0.687,0.3127,104.4235,29.35,
198,2024/2/27,10:40:56,239.7403,109.1208,0.1013,0.687,0.3127,109.1208,29.37,
199,2024/2/27,10:40:57,240.8164,109.6059,0.1195,0.687,0.3127,109.6059,29.31,
200,2024/2/27,10:40:57,243.7338,110.9357,0.1061,0.687,0.3127,110.9357,29.31,
201,2024/2/27,10:40:58,254.098,115.65,0.1121,0.687,0.3127,115.65,29.30,
202,2024/2/27,10:40:59,261.2896,118.9297,0.1165,0.687,0.3127,118.9297,29.30,
203,2024/2/27,10:40:59,260.9256,118.7615,0.1176,0.687,0.3127,118.7615,29.29,
204,2024/2/27,10:41:00,267.8879,121.9333,0.1157,0.687,0.3127,121.9333,29.29,
205,2024/2/27,10:41:00,272.4197,123.9989,0.1195,0.687,0.3127,123.9989,29.29,
206,2024/2/27,10:41:01,278.7238,126.8626,0.1253,0.687,0.3127,126.8626,29.29,
207,2024/2/27,10:41:01,281.6297,128.1929,0.1232,0.687,0.3127,128.1929,29.31,
208,2024/2/27,10:41:02,288.5099,131.3198,0.1316,0.687,0.3127,131.3198,29.26,
209,2024/2/27,10:41:02,278.6729,126.6714,0.1228,0.6873,0.3124,126.6714,29.26,
210,2024/2/27,10:41:03,295.2648,134.398,0.1335,0.687,0.3127,134.398,29.25,
211,2024/2/27,10:41:04,298.7542,135.9811,0.1368,0.687,0.3127,135.9811,29.25,
212,2024/2/27,10:41:04,307.9418,140.1577,0.1372,0.687,0.3127,140.1577,29.23,
213,2024/2/27,10:41:05,311.6259,141.844,0.1381,0.687,0.3127,141.844,29.23,
214,2024/2/27,10:41:05,315.4286,143.5747,0.1416,0.687,0.3127,143.5747,29.23,
215,2024/2/27,10:41:06,318.6072,145.018,0.1471,0.687,0.3127,145.018,29.27,
216,2024/2/27,10:41:06,316.8957,144.0685,0.1399,0.6873,0.3124,144.0685,29.27,
217,2024/2/27,10:41:07,329.225,149.8459,0.1455,0.687,0.3127,149.8459,29.22,
218,2024/2/27,10:41:08,332.4865,151.3353,0.1501,0.687,0.3127,151.3353,29.22,
219,2024/2/27,10:41:08,335.302,152.6109,0.1539,0.687,0.3127,152.6109,29.22,
220,2024/2/27,10:41:09,344.9643,157.0068,0.1538,0.687,0.3127,157.0068,29.22,
221,2024/2/27,10:41:09,348.2611,158.5085,0.1568,0.687,0.3127,158.5085,29.26,
222,2024/2/27,10:41:10,352.7278,160.539,0.1596,0.687,0.3127,160.539,29.26,
223,2024/2/27,10:41:10,312.6433,141.7133,0.1357,0.6879,0.3118,141.7133,29.26,
224,2024/2/27,10:41:11,368.0332,167.5084,0.1671,0.687,0.3127,167.5084,29.25,
225,2024/2/27,10:41:11,372.0437,169.3444,0.1706,0.687,0.3127,169.3444,29.25,
226,2024/2/27,10:41:12,375.4607,170.882,0.169,0.687,0.3127,170.882,29.19,
227,2024/2/27,10:41:13,382.8651,174.2537,0.1818,0.687,0.3127,174.2537,29.19,
228,2024/2/27,10:41:13,337.9742,153.1824,0.1491,0.6879,0.3118,153.1824,29.18,
229,2024/2/27,10:41:14,389.922,177.4638,0.1683,0.687,0.3127,177.4638,29.18,
230,2024/2/27,10:41:14,394.1267,179.3782,0.1794,0.687,0.3127,179.3782,29.17,
231,2024/2/27,10:41:15,405.4797,184.5418,0.1798,0.687,0.3127,184.5418,29.17,
232,2024/2/27,10:41:15,409.3817,186.3217,0.1832,0.687,0.3127,186.3217,29.17,
233,2024/2/27,10:41:16,414.9223,188.8463,0.1897,0.687,0.3127,188.8463,29.21,
234,2024/2/27,10:41:17,416.9482,189.7713,0.1849,0.687,0.3127,189.7713,29.21,
235,2024/2/27,10:41:17,423.7837,192.8747,0.1923,0.687,0.3127,192.8747,29.21,
236,2024/2/27,10:41:18,429.9968,195.6994,0.1873,0.687,0.3127,195.6994,29.21,
237,2024/2/27,10:41:18,436.9844,198.8894,0.199,0.687,0.3127,198.8894,29.21,
238,2024/2/27,10:41:19,441.3268,200.8557,0.1989,0.687,0.3127,200.8557,29.21,
239,2024/2/27,10:41:19,447.812,203.8043,0.2011,0.687,0.3127,203.8043,29.16,
240,2024/2/27,10:41:20,451.5326,205.5123,0.2026,0.687,0.3127,205.5123,29.16,
241,2024/2/27,10:41:20,456.6132,207.8121,0.2033,0.687,0.3127,207.8121,29.16,
242,2024/2/27,10:41:21,461.7397,210.1427,0.2096,0.687,0.3127,210.1427,29.20,
243,2024/2/27,10:41:22,466.1412,212.1279,0.2164,0.687,0.3126,212.1279,29.20,
244,2024/2/27,10:41:22,475.3128,216.3194,0.2155,0.687,0.3127,216.3194,29.20,
245,2024/2/27,10:41:23,482.4503,219.5615,0.2165,0.687,0.3127,219.5615,29.20,
246,2024/2/27,10:41:23,482.6464,219.6055,0.2134,0.6871,0.3126,219.6055,29.19,
247,2024/2/27,10:41:24,492.3995,224.0846,0.2202,0.687,0.3127,224.0846,29.19,
248,2024/2/27,10:41:24,495.625,225.5495,0.2192,0.687,0.3127,225.5495,29.13,
249,2024/2/27,10:41:25,500.729,227.876,0.2228,0.687,0.3127,227.876,29.13,
250,2024/2/27,10:41:26,506.5478,230.5096,0.2237,0.687,0.3126,230.5096,29.12,
251,2024/2/27,10:41:26,515.5355,234.5947,0.2298,0.6871,0.3126,234.5947,29.12,
252,2024/2/27,10:41:27,456.2364,206.7472,0.204,0.6879,0.3117,206.7472,29.12,
253,2024/2/27,10:41:27,529.4673,240.9463,0.2392,0.687,0.3127,240.9463,29.12,
254,2024/2/27,10:41:28,533.1467,242.627,0.2416,0.687,0.3127,242.627,29.12,
255,2024/2/27,10:41:28,538.0327,244.8348,0.2434,0.687,0.3126,244.8348,29.12,
Green, , , , , , , , , ,
0,2024/2/27,10:41:31,0,0,-0.0001,-0.3226,-0.1166,0,29.12,
1,2024/2/27,10:41:33,0,0,-0.0001,0.1273,0.1212,0,29.09,
2,2024/2/27,10:41:35,0,0,-0.0001,0.0317,0.0556,0,29.12,
3,2024/2/27,10:41:37,0,0,-0.0001,-0.2245,-0.6025,0,29.06,
4,2024/2/27,10:41:40,0.0001,0.0002,-0.0001,0.5037,1.6125,0.0002,29.04,
5,2024/2/27,10:41:42,0.0001,0.0003,-0.0002,0.4232,1.2693,0.0003,29.02,
6,2024/2/27,10:41:44,0.0004,0.0012,-0.0001,0.2812,0.7953,0.0012,29.02,
7,2024/2/27,10:41:46,0.0007,0.0021,-0.0001,0.2661,0.7792,0.0021,29.00,
8,2024/2/27,10:41:48,0.0032,0.0092,0.0002,0.2537,0.7296,0.0092,29.02,
9,2024/2/27,10:41:50,0.0073,0.0207,0.001,0.2507,0.7163,0.0207,28.95,
10,2024/2/27,10:41:52,0.017,0.049,0.0025,0.2478,0.7156,0.049,28.93,
11,2024/2/27,10:41:55,0.0302,0.0872,0.0044,0.2479,0.7159,0.0872,28.91,
12,2024/2/27,10:41:57,0.0522,0.151,0.0078,0.2472,0.7156,0.151,28.88,
13,2024/2/27,10:41:58,0.0831,0.2403,0.0126,0.2473,0.7151,0.2403,28.87,
14,2024/2/27,10:41:59,0.1157,0.3355,0.0167,0.2472,0.7171,0.3355,28.87,
15,2024/2/27,10:42:00,0.2054,0.5959,0.0308,0.2468,0.7162,0.5959,28.87,
16,2024/2/27,10:42:01,0.3121,0.9047,0.0467,0.247,0.716,0.9047,28.90,
17,2024/2/27,10:42:02,0.3996,1.1616,0.0605,0.2464,0.7163,1.1616,28.83,
18,2024/2/27,10:42:03,0.4116,1.1966,0.0623,0.2464,0.7163,1.1966,28.81,
19,2024/2/27,10:42:03,0.4538,1.3189,0.0684,0.2465,0.7164,1.3189,28.80,
20,2024/2/27,10:42:04,0.4792,1.3949,0.0725,0.2462,0.7166,1.3949,28.78,
21,2024/2/27,10:42:05,0.5472,1.5932,0.0829,0.2461,0.7166,1.5932,28.78,
22,2024/2/27,10:42:06,0.5769,1.6826,0.0885,0.2457,0.7166,1.6826,28.77,
23,2024/2/27,10:42:07,0.6515,1.9031,0.0999,0.2454,0.7169,1.9031,28.77,
24,2024/2/27,10:42:08,0.695,2.0303,0.1067,0.2454,0.7169,2.0303,28.77,
25,2024/2/27,10:42:08,0.7861,2.3005,0.121,0.2451,0.7172,2.3005,28.79,
26,2024/2/27,10:42:09,0.7989,2.3376,0.1232,0.2451,0.7171,2.3376,28.79,
27,2024/2/27,10:42:09,0.9403,2.758,0.1459,0.2446,0.7174,2.758,28.73,
28,2024/2/27,10:42:10,0.9979,2.9287,0.1555,0.2445,0.7174,2.9287,28.73,
29,2024/2/27,10:42:11,1.0628,3.1215,0.1639,0.2444,0.7179,3.1215,28.73,
30,2024/2/27,10:42:11,1.1145,3.2793,0.1726,0.2441,0.7181,3.2793,28.73,
31,2024/2/27,10:42:12,1.1606,3.3926,0.1741,0.2455,0.7177,3.3926,28.74,
32,2024/2/27,10:42:12,1.3427,3.9586,0.2096,0.2436,0.7183,3.9586,28.69,
33,2024/2/27,10:42:13,1.5183,4.4843,0.2409,0.2432,0.7182,4.4843,28.69,
34,2024/2/27,10:42:13,1.5442,4.564,0.2432,0.2431,0.7186,4.564,28.67,
35,2024/2/27,10:42:14,1.6175,4.7867,0.2573,0.2428,0.7186,4.7867,28.67,
36,2024/2/27,10:42:14,1.7586,5.2137,0.2785,0.2425,0.7191,5.2137,28.66,
37,2024/2/27,10:42:15,1.8105,5.3687,0.2903,0.2424,0.7187,5.3687,28.66,
38,2024/2/27,10:42:16,1.8995,5.6354,0.3027,0.2424,0.719,5.6354,28.65,
39,2024/2/27,10:42:16,2.0722,6.1625,0.3311,0.2419,0.7194,6.1625,28.65,
40,2024/2/27,10:42:17,2.1316,6.3414,0.3448,0.2417,0.7192,6.3414,28.63,
41,2024/2/27,10:42:17,2.3104,6.8844,0.3707,0.2415,0.7197,6.8844,28.63,
42,2024/2/27,10:42:18,2.4013,7.1641,0.387,0.2413,0.7198,7.1641,28.63,
43,2024/2/27,10:42:18,2.5061,7.4817,0.4056,0.2411,0.7198,7.4817,28.66,
44,2024/2/27,10:42:19,2.5751,7.6943,0.4181,0.2409,0.7199,7.6943,28.66,
45,2024/2/27,10:42:19,2.7855,8.3353,0.4541,0.2407,0.7201,8.3353,28.66,
46,2024/2/27,10:42:20,2.8834,8.6347,0.4724,0.2405,0.7201,8.6347,28.66,
47,2024/2/27,10:42:21,2.9866,8.9517,0.4862,0.2404,0.7205,8.9517,28.65,
48,2024/2/27,10:42:21,3.2049,9.6255,0.5283,0.2399,0.7205,9.6255,28.65,
49,2024/2/27,10:42:22,3.2605,9.7945,0.5353,0.2399,0.7207,9.7945,28.59,
50,2024/2/27,10:42:22,3.3056,9.8781,0.526,0.2411,0.7205,9.8781,28.59,
51,2024/2/27,10:42:23,3.6898,11.1205,0.6093,0.2393,0.7212,11.1205,28.59,
52,2024/2/27,10:42:23,3.7538,11.3179,0.6187,0.2392,0.7213,11.3179,28.61,
53,2024/2/27,10:42:24,4.0942,12.383,0.6851,0.2386,0.7215,12.383,28.61,
54,2024/2/27,10:42:25,4.2556,12.8778,0.7101,0.2385,0.7217,12.8778,28.55,
55,2024/2/27,10:42:25,4.073,12.2429,0.6542,0.24,0.7214,12.2429,28.55,
56,2024/2/27,10:42:26,4.5781,13.8896,0.7708,0.238,0.722,13.8896,28.53,
57,2024/2/27,10:42:26,4.7526,14.4316,0.803,0.2378,0.722,14.4316,28.53,
58,2024/2/27,10:42:27,5.047,15.3517,0.8531,0.2375,0.7224,15.3517,28.52,
59,2024/2/27,10:42:27,4.8348,14.6193,0.7905,0.2388,0.7221,14.6193,28.52,
60,2024/2/27,10:42:28,5.4715,16.6863,0.9262,0.237,0.7228,16.6863,28.50,
61,2024/2/27,10:42:28,5.6589,17.2837,0.9675,0.2367,0.7229,17.2837,28.48,
62,2024/2/27,10:42:29,5.7584,17.5974,0.9839,0.2366,0.723,17.5974,28.48,
63,2024/2/27,10:42:30,6.1109,18.7125,1.0495,0.2362,0.7232,18.7125,28.48,
64,2024/2/27,10:42:30,6.0941,18.6636,1.0462,0.2362,0.7233,18.6636,28.48,
65,2024/2/27,10:42:31,6.5355,20.0541,1.1317,0.2358,0.7234,20.0541,28.51,
66,2024/2/27,10:42:31,6.8016,20.9067,1.1863,0.2354,0.7235,20.9067,28.51,
67,2024/2/27,10:42:32,7.0344,21.6511,1.2283,0.2352,0.7238,21.6511,28.45,
68,2024/2/27,10:42:32,7.3613,22.6944,1.2899,0.2348,0.724,22.6944,28.44,
69,2024/2/27,10:42:33,7.6475,23.6078,1.348,0.2346,0.7241,23.6078,28.44,
70,2024/2/27,10:42:33,7.9713,24.646,1.4105,0.2343,0.7243,24.646,28.42,
71,2024/2/27,10:42:34,8.3056,25.7256,1.4756,0.2339,0.7245,25.7256,28.42,
72,2024/2/27,10:42:35,8.2496,25.4404,1.4243,0.2349,0.7245,25.4404,28.41,
73,2024/2/27,10:42:35,9.4037,29.2748,1.688,0.233,0.7252,29.2748,28.41,
74,2024/2/27,10:42:36,9.7582,30.4335,1.7639,0.2326,0.7254,30.4335,28.39,
75,2024/2/27,10:42:36,10.0788,31.4746,1.8268,0.2323,0.7256,31.4746,28.39,
76,2024/2/27,10:42:37,10.4856,32.7977,1.9113,0.232,0.7257,32.7977,28.39,
77,2024/2/27,10:42:37,10.8211,33.903,1.9816,0.2317,0.7259,33.903,28.42,
78,2024/2/27,10:42:38,11.2374,35.2636,2.0654,0.2314,0.7261,35.2636,28.42,
79,2024/2/27,10:42:39,11.4076,35.8258,2.1009,0.2312,0.7262,35.8258,28.36,
80,2024/2/27,10:42:39,12.1144,38.1514,2.2455,0.2307,0.7265,38.1514,28.36,
81,2024/2/27,10:42:40,12.4815,39.3616,2.3242,0.2304,0.7267,39.3616,28.35,
82,2024/2/27,10:42:40,12.9379,40.8814,2.4201,0.23,0.7269,40.8814,28.35,
83,2024/2/27,10:42:41,13.6285,43.1637,2.5675,0.2296,0.7272,43.1637,28.34,
84,2024/2/27,10:42:41,13.7274,43.4987,2.5893,0.2295,0.7272,43.4987,28.34,
85,2024/2/27,10:42:42,12.8791,40.553,2.3499,0.2309,0.727,40.553,28.32,
86,2024/2/27,10:42:43,14.9905,47.696,2.8578,0.2287,0.7277,47.696,28.30,
87,2024/2/27,10:42:43,15.4356,49.1847,2.9528,0.2284,0.7279,49.1847,28.30,
88,2024/2/27,10:42:44,15.8405,50.5521,3.0457,0.2281,0.728,50.5521,28.29,
89,2024/2/27,10:42:44,16.1697,51.6511,3.1126,0.228,0.7282,51.6511,28.29,
90,2024/2/27,10:42:45,16.5404,52.9009,3.1962,0.2277,0.7283,52.9009,28.29,
91,2024/2/27,10:42:45,16.9381,54.2511,3.2857,0.2274,0.7284,54.2511,28.29,
92,2024/2/27,10:42:46,17.0992,54.7883,3.3208,0.2274,0.7285,54.7883,28.31,
93,2024/2/27,10:42:46,17.6439,56.6293,3.4359,0.2271,0.7287,56.6293,28.31,
94,2024/2/27,10:42:47,17.8322,57.2736,3.4853,0.2269,0.7288,57.2736,28.25,
95,2024/2/27,10:42:48,18.4412,59.3203,3.6167,0.2266,0.7289,59.3203,28.23,
96,2024/2/27,10:42:48,18.5798,59.8044,3.6495,0.2265,0.729,59.8044,28.23,
97,2024/2/27,10:42:49,18.8282,60.6454,3.7089,0.2263,0.7291,60.6454,28.22,
98,2024/2/27,10:42:49,19.1197,61.6354,3.7755,0.2262,0.7291,61.6354,28.22,
99,2024/2/27,10:42:50,19.402,62.6005,3.8383,0.226,0.7293,62.6005,28.22,
100,2024/2/27,10:42:50,19.8897,64.2626,3.9531,0.2257,0.7294,64.2626,28.22,
101,2024/2/27,10:42:51,18.37,58.9335,3.5269,0.2273,0.7291,58.9335,28.24,
102,2024/2/27,10:42:51,20.4429,66.1533,4.078,0.2255,0.7296,66.1533,28.24,
103,2024/2/27,10:42:52,20.7273,67.1372,4.1488,0.2253,0.7296,67.1372,28.18,
104,2024/2/27,10:42:53,20.9533,67.9031,4.1912,0.2252,0.7298,67.9031,28.16,
105,2024/2/27,10:42:53,21.1142,68.4608,4.2302,0.2251,0.7298,68.4608,28.16,
106,2024/2/27,10:42:54,21.352,69.2748,4.2911,0.225,0.7298,69.2748,28.15,
107,2024/2/27,10:42:54,21.5994,70.123,4.348,0.2248,0.7299,70.123,28.15,
108,2024/2/27,10:42:55,21.8927,71.139,4.4193,0.2247,0.73,71.139,28.12,
109,2024/2/27,10:42:55,22.1652,72.0788,4.4843,0.2245,0.7301,72.0788,28.12,
110,2024/2/27,10:42:56,22.4437,73.0391,4.5438,0.2244,0.7302,73.0391,28.12,
111,2024/2/27,10:42:57,22.7011,73.9359,4.6113,0.2242,0.7302,73.9359,28.10,
112,2024/2/27,10:42:57,23.2046,75.6745,4.729,0.224,0.7304,75.6745,28.10,
113,2024/2/27,10:42:58,23.5342,76.819,4.8065,0.2238,0.7305,76.819,28.10,
114,2024/2/27,10:42:58,23.7381,77.5271,4.8577,0.2237,0.7305,77.5271,28.10,
115,2024/2/27,10:42:59,23.9945,78.4071,4.9243,0.2236,0.7306,78.4071,28.07,
116,2024/2/27,10:42:59,24.2765,79.392,4.9844,0.2234,0.7307,79.392,28.07,
117,2024/2/27,10:43:00,24.7243,80.952,5.0918,0.2232,0.7308,80.952,28.06,
118,2024/2/27,10:43:00,24.873,81.4796,5.1328,0.2231,0.7309,81.4796,28.06,
119,2024/2/27,10:43:01,25.3706,83.2067,5.2499,0.2229,0.731,83.2067,28.05,
120,2024/2/27,10:43:02,25.6616,84.2189,5.3225,0.2228,0.731,84.2189,28.03,
121,2024/2/27,10:43:02,25.9551,85.2311,5.3974,0.2226,0.7311,85.2311,28.03,
122,2024/2/27,10:43:03,26.1836,86.0562,5.4564,0.2225,0.7312,86.0562,28.02,
123,2024/2/27,10:43:03,26.3205,86.543,5.4869,0.2224,0.7312,86.543,28.02,
124,2024/2/27,10:43:04,26.8552,88.3929,5.6156,0.2222,0.7313,88.3929,28.01,
125,2024/2/27,10:43:04,26.9767,88.8387,5.6519,0.2221,0.7314,88.8387,28.01,
126,2024/2/27,10:43:05,27.498,90.6722,5.7811,0.2218,0.7315,90.6722,27.98,
127,2024/2/27,10:43:05,27.7814,91.6689,5.8509,0.2217,0.7316,91.6689,27.98,
128,2024/2/27,10:43:06,27.944,92.2343,5.8941,0.2217,0.7316,92.2343,27.98,
129,2024/2/27,10:43:07,28.2645,93.3597,5.9756,0.2215,0.7317,93.3597,27.98,
130,2024/2/27,10:43:07,28.9123,95.6511,6.1325,0.2212,0.7319,95.6511,27.98,
131,2024/2/27,10:43:08,29.1175,96.3698,6.1852,0.2211,0.7319,96.3698,28.01,
132,2024/2/27,10:43:08,29.6665,98.3153,6.3215,0.2209,0.732,98.3153,28.01,
133,2024/2/27,10:43:09,30.4368,101.059,6.5234,0.2205,0.7322,101.059,27.95,
134,2024/2/27,10:43:09,30.8484,102.5039,6.6346,0.2204,0.7322,102.5039,27.95,
135,2024/2/27,10:43:10,31.3764,104.3958,6.7652,0.2201,0.7324,104.3958,27.93,
136,2024/2/27,10:43:10,31.6642,105.4193,6.8429,0.22,0.7325,105.4193,27.93,
137,2024/2/27,10:43:11,32.2456,107.4826,6.9927,0.2198,0.7326,107.4826,27.91,
138,2024/2/27,10:43:12,32.6545,108.9338,7.0959,0.2196,0.7327,108.9338,27.91,
139,2024/2/27,10:43:12,33.2596,111.1138,7.2564,0.2193,0.7328,111.1138,27.91,
140,2024/2/27,10:43:13,33.7477,112.8629,7.3822,0.2192,0.7329,112.8629,27.90,
141,2024/2/27,10:43:13,34.0723,114.0199,7.4676,0.219,0.733,114.0199,27.90,
142,2024/2/27,10:43:14,31.7223,105.5262,6.7428,0.2203,0.7329,105.5262,27.88,
143,2024/2/27,10:43:14,35.2613,118.2907,7.7854,0.2186,0.7332,118.2907,27.88,
144,2024/2/27,10:43:15,36.0477,121.1393,8.0031,0.2182,0.7333,121.1393,27.87,
145,2024/2/27,10:43:16,36.5689,122.9987,8.1382,0.2181,0.7334,122.9987,27.87,
146,2024/2/27,10:43:16,37.0318,124.6825,8.2623,0.2179,0.7335,124.6825,27.86,
147,2024/2/27,10:43:17,37.3567,125.8592,8.3508,0.2177,0.7336,125.8592,27.85,
148,2024/2/27,10:43:17,37.767,127.3674,8.4593,0.2176,0.7337,127.3674,27.85,
149,2024/2/27,10:43:18,34.8087,116.5915,7.5506,0.219,0.7335,116.5915,27.84,
150,2024/2/27,10:43:18,39.3299,133.0218,8.8949,0.217,0.7339,133.0218,27.84,
151,2024/2/27,10:43:19,39.8532,134.9375,9.0346,0.2168,0.7341,134.9375,27.83,
152,2024/2/27,10:43:19,40.32,136.6208,9.1639,0.2167,0.7341,136.6208,27.83,
153,2024/2/27,10:43:20,40.5971,137.6618,9.2396,0.2165,0.7342,137.6618,27.81,
154,2024/2/27,10:43:21,41.1361,139.6164,9.396,0.2163,0.7342,139.6164,27.81,
155,2024/2/27,10:43:21,42.0552,142.9793,9.6495,0.216,0.7344,142.9793,27.80,
156,2024/2/27,10:43:22,39.2595,132.7048,8.7736,0.2172,0.7342,132.7048,27.80,
157,2024/2/27,10:43:22,40.4773,137.1838,9.138,0.2167,0.7344,137.1838,27.80,
158,2024/2/27,10:43:23,43.836,149.5306,10.1579,0.2154,0.7347,149.5306,27.78,
159,2024/2/27,10:43:23,44.3539,151.4316,10.303,0.2152,0.7348,151.4316,27.78,
160,2024/2/27,10:43:24,44.8876,153.3992,10.4601,0.215,0.7349,153.3992,27.78,
161,2024/2/27,10:43:24,45.2543,154.7398,10.5577,0.2149,0.7349,154.7398,27.78,
162,2024/2/27,10:43:25,45.8338,156.9027,10.7309,0.2147,0.735,156.9027,27.81,
163,2024/2/27,10:43:26,46.2474,158.4289,10.8467,0.2146,0.7351,158.4289,27.81,
164,2024/2/27,10:43:26,47.1754,161.8652,11.125,0.2143,0.7352,161.8652,27.81,
165,2024/2/27,10:43:27,47.7335,163.9488,11.2775,0.2141,0.7353,163.9488,27.80,
166,2024/2/27,10:43:27,48.268,165.9348,11.4322,0.2139,0.7354,165.9348,27.80,
167,2024/2/27,10:43:28,48.6481,167.3369,11.5518,0.2138,0.7354,167.3369,27.73,
168,2024/2/27,10:43:28,49.147,169.2082,11.703,0.2136,0.7355,169.2082,27.73,
169,2024/2/27,10:43:29,50.0822,172.6959,11.9766,0.2133,0.7356,172.6959,27.73,
170,2024/2/27,10:43:29,50.4019,173.8881,12.0706,0.2132,0.7357,173.8881,27.73,
171,2024/2/27,10:43:30,51.439,177.7751,12.3834,0.2129,0.7358,177.7751,27.73,
172,2024/2/27,10:43:31,51.9155,179.5688,12.5271,0.2128,0.7359,179.5688,27.73,
173,2024/2/27,10:43:31,52.2569,180.8693,12.6321,0.2126,0.736,180.8693,27.76,
174,2024/2/27,10:43:32,53.4168,185.1912,12.9827,0.2123,0.7361,185.1912,27.69,
175,2024/2/27,10:43:32,53.485,185.4752,13.0002,0.2123,0.7361,185.4752,27.69,
176,2024/2/27,10:43:33,54.6524,189.8512,13.3569,0.2119,0.7363,189.8512,27.69,
177,2024/2/27,10:43:33,55.1381,191.6873,13.5102,0.2118,0.7363,191.6873,27.69,
178,2024/2/27,10:43:34,55.483,193.0014,13.6137,0.2117,0.7364,193.0014,27.66,
179,2024/2/27,10:43:35,56.4869,196.7878,13.9179,0.2114,0.7365,196.7878,27.66,
180,2024/2/27,10:43:35,52.3779,181.4183,12.5777,0.2126,0.7364,181.4183,27.66,
181,2024/2/27,10:43:36,57.496,200.6114,14.2336,0.2111,0.7366,200.6114,27.66,
182,2024/2/27,10:43:36,57.954,202.3647,14.385,0.211,0.7367,202.3647,27.65,
183,2024/2/27,10:43:37,58.5514,204.6147,14.563,0.2108,0.7367,204.6147,27.64,
184,2024/2/27,10:43:37,59.1536,206.9119,14.756,0.2106,0.7368,206.9119,27.64,
185,2024/2/27,10:43:38,59.7509,209.1907,14.9441,0.2105,0.7369,209.1907,27.62,
186,2024/2/27,10:43:38,60.2599,211.1454,15.1122,0.2103,0.7369,211.1454,27.62,
187,2024/2/27,10:43:39,61.0075,213.9835,15.3474,0.2101,0.737,213.9835,27.62,
188,2024/2/27,10:43:40,61.5454,216.0672,15.5217,0.21,0.7371,216.0672,27.62,
189,2024/2/27,10:43:40,62.184,218.5092,15.7189,0.2098,0.7372,218.5092,27.62,
190,2024/2/27,10:43:41,63.1505,222.205,16.0304,0.2095,0.7373,222.205,27.62,
191,2024/2/27,10:43:41,63.5038,223.5662,16.1433,0.2094,0.7373,223.5662,27.66,
192,2024/2/27,10:43:42,64.0734,225.744,16.3387,0.2093,0.7373,225.744,27.60,
193,2024/2/27,10:43:42,64.6599,227.9996,16.5211,0.2091,0.7374,227.9996,27.60,
194,2024/2/27,10:43:43,65.9811,233.0914,16.9528,0.2088,0.7376,233.0914,27.60,
195,2024/2/27,10:43:44,60.1175,210.7583,14.9188,0.2104,0.7374,210.7583,27.60,
196,2024/2/27,10:43:44,62.5419,220.0705,15.7587,0.2096,0.7376,220.0705,27.63,
197,2024/2/27,10:43:45,68.8171,244.0566,17.8876,0.2081,0.7379,244.0566,27.63,
198,2024/2/27,10:43:45,69.2648,245.809,18.0346,0.2079,0.7379,245.809,27.58,
199,2024/2/27,10:43:46,70.8113,251.79,18.5659,0.2076,0.738,251.79,27.58,
200,2024/2/27,10:43:46,71.1685,253.1953,18.6784,0.2075,0.7381,253.1953,27.58,
201,2024/2/27,10:43:47,72.8163,259.6186,19.2424,0.2071,0.7382,259.6186,27.61,
202,2024/2/27,10:43:47,66.361,234.7964,16.9179,0.2086,0.7382,234.7964,27.61,
203,2024/2/27,10:43:48,74.0773,264.5546,19.6613,0.2068,0.7384,264.5546,27.55,
204,2024/2/27,10:43:48,75.2421,269.1178,20.0725,0.2065,0.7385,269.1178,27.55,
205,2024/2/27,10:43:49,76.1826,272.8329,20.3951,0.2062,0.7386,272.8329,27.55,
206,2024/2/27,10:43:50,77.3464,277.3834,20.7971,0.206,0.7387,277.3834,27.55,
207,2024/2/27,10:43:50,76.1679,272.8828,20.3646,0.2062,0.7387,272.8828,27.53,
208,2024/2/27,10:43:51,79.386,285.3962,21.5117,0.2055,0.7388,285.3962,27.53,
209,2024/2/27,10:43:51,79.89,287.4061,21.6877,0.2054,0.7389,287.4061,27.53,
210,2024/2/27,10:43:52,81.1985,292.606,22.1502,0.2051,0.739,292.606,27.53,
211,2024/2/27,10:43:52,82.2956,296.9247,22.5447,0.2048,0.7391,296.9247,27.52,
212,2024/2/27,10:43:53,75.0447,268.7109,19.8561,0.2064,0.739,268.7109,27.52,
213,2024/2/27,10:43:53,83.8807,303.2453,23.107,0.2045,0.7392,303.2453,27.52,
214,2024/2/27,10:43:54,85.7104,310.5439,23.7783,0.2041,0.7393,310.5439,27.51,
215,2024/2/27,10:43:55,86.6543,314.3088,24.117,0.2039,0.7394,314.3088,27.51,
216,2024/2/27,10:43:55,87.4664,317.5654,24.4134,0.2037,0.7395,317.5654,27.50,
217,2024/2/27,10:43:56,88.2624,320.7071,24.6956,0.2035,0.7395,320.7071,27.50,
218,2024/2/27,10:43:56,89.1605,324.3114,25.0279,0.2033,0.7396,324.3114,27.48,
219,2024/2/27,10:43:57,91.2167,332.5822,25.7926,0.2029,0.7397,332.5822,27.48,
220,2024/2/27,10:43:57,91.8754,335.2362,26.0453,0.2027,0.7398,335.2362,27.48,
221,2024/2/27,10:43:58,92.6624,338.4063,26.3393,0.2026,0.7398,338.4063,27.48,
222,2024/2/27,10:43:59,93.3617,341.2603,26.6089,0.2024,0.7399,341.2603,27.48,
223,2024/2/27,10:43:59,94.0107,343.8126,26.8461,0.2023,0.7399,343.8126,27.47,
224,2024/2/27,10:44:00,95.8728,351.3684,27.5519,0.2019,0.74,351.3684,27.47,
225,2024/2/27,10:44:00,96.9971,355.9382,27.9839,0.2017,0.7401,355.9382,27.47,
226,2024/2/27,10:44:01,97.5777,358.2606,28.1973,0.2016,0.7402,358.2606,27.47,
227,2024/2/27,10:44:01,98.6007,362.4282,28.5907,0.2014,0.7402,362.4282,27.45,
228,2024/2/27,10:44:02,99.4937,366.0569,28.9447,0.2012,0.7403,366.0569,27.45,
229,2024/2/27,10:44:02,100.3871,369.6684,29.2833,0.201,0.7403,369.6684,27.45,
230,2024/2/27,10:44:03,102.4093,377.9167,30.0722,0.2006,0.7404,377.9167,27.45,
231,2024/2/27,10:44:04,103.3811,381.9147,30.4567,0.2004,0.7405,381.9147,27.45,
232,2024/2/27,10:44:04,103.9749,384.3488,30.6883,0.2003,0.7405,384.3488,27.50,
233,2024/2/27,10:44:05,104.426,386.2155,30.8638,0.2002,0.7406,386.2155,27.50,
234,2024/2/27,10:44:05,106.4061,394.3217,31.6518,0.1999,0.7407,394.3217,27.44,
235,2024/2/27,10:44:06,106.9806,396.6714,31.886,0.1998,0.7407,396.6714,27.44,
236,2024/2/27,10:44:06,107.692,399.5475,32.1652,0.1996,0.7407,399.5475,27.44,
237,2024/2/27,10:44:07,109.5004,407.0504,32.8918,0.1993,0.7408,407.0504,27.44,
238,2024/2/27,10:44:07,110.2967,410.3232,33.2176,0.1991,0.7409,410.3232,27.43,
239,2024/2/27,10:44:08,111.8755,416.7855,33.8485,0.1989,0.7409,416.7855,27.43,
240,2024/2/27,10:44:09,112.7976,420.6603,34.2399,0.1987,0.741,420.6603,27.43,
241,2024/2/27,10:44:09,113.5373,423.6565,34.5234,0.1986,0.741,423.6565,27.43,
242,2024/2/27,10:44:10,106.3094,394.7671,31.6117,0.1996,0.7411,394.7671,27.43,
243,2024/2/27,10:44:10,111.0396,413.8148,33.5221,0.1989,0.7411,413.8148,27.43,
244,2024/2/27,10:44:11,116.8733,437.5535,35.9075,0.198,0.7412,437.5535,27.43,
245,2024/2/27,10:44:11,117.3063,439.3273,36.0851,0.1979,0.7412,439.3273,27.48,
246,2024/2/27,10:44:12,118.5488,444.4661,36.608,0.1977,0.7412,444.4661,27.48,
247,2024/2/27,10:44:12,119.699,449.3109,37.0882,0.1975,0.7413,449.3109,27.42,
248,2024/2/27,10:44:13,121.6722,457.5531,37.916,0.1972,0.7414,457.5531,27.42,
249,2024/2/27,10:44:14,122.8485,462.4704,38.4141,0.197,0.7415,462.4704,27.42,
250,2024/2/27,10:44:14,124.0154,467.3494,38.9144,0.1968,0.7415,467.3494,27.41,
251,2024/2/27,10:44:15,125.3669,473.0291,39.495,0.1965,0.7416,473.0291,27.41,
252,2024/2/27,10:44:15,125.9524,475.491,39.7559,0.1964,0.7416,475.491,27.41,
253,2024/2/27,10:44:16,115.2672,431.6688,35.1053,0.198,0.7416,431.6688,27.41,
254,2024/2/27,10:44:16,128.3877,485.7082,40.7999,0.196,0.7417,485.7082,27.41,
255,2024/2/27,10:44:17,129.642,491.1011,41.3555,0.1958,0.7417,491.1011,27.41,
Blue, , , , , , , , , ,
0,2024/2/27,10:44:20,0,0,-0.0001,-0.2322,-0.3765,0,27.41,
1,2024/2/27,10:44:22,0,0,-0.0002,0.1359,-0.0362,0,27.45,
2,2024/2/27,10:44:24,0,0,-0.0001,0.1006,0.1124,0,27.38,
3,2024/2/27,10:44:26,0,0,-0.0002,0.0193,0.1546,0,27.42,
4,2024/2/27,10:44:28,0,0,-0.0001,0.0465,0.1512,0,27.35,
5,2024/2/27,10:44:30,0.0001,0,0.0002,0.261,-0.0508,0,27.34,
6,2024/2/27,10:44:33,0.0002,0,0.001,0.1402,0.0308,0,27.34,
7,2024/2/27,10:44:35,0.0004,0.0001,0.0025,0.1377,0.0403,0.0001,27.31,
8,2024/2/27,10:44:37,0.0025,0.0008,0.0151,0.1358,0.0441,0.0008,27.30,
9,2024/2/27,10:44:39,0.0051,0.0017,0.031,0.1359,0.0442,0.0017,27.28,
10,2024/2/27,10:44:41,0.0087,0.0029,0.0528,0.1352,0.0446,0.0029,27.27,
11,2024/2/27,10:44:43,0.0137,0.0045,0.083,0.1351,0.0446,0.0045,27.24,
12,2024/2/27,10:44:46,0.0214,0.007,0.1296,0.1352,0.0446,0.007,27.24,
13,2024/2/27,10:44:48,0.0661,0.0219,0.4022,0.1349,0.0447,0.0219,27.23,
14,2024/2/27,10:44:49,0.0965,0.0317,0.587,0.1349,0.0443,0.0317,27.22,
15,2024/2/27,10:44:50,0.1397,0.0461,0.8503,0.1349,0.0445,0.0461,27.22,
16,2024/2/27,10:44:51,0.1928,0.0638,1.1741,0.1347,0.0446,0.0638,27.25,
17,2024/2/27,10:44:52,0.3435,0.1136,2.0928,0.1347,0.0446,0.1136,27.19,
18,2024/2/27,10:44:53,0.3597,0.1189,2.1923,0.1347,0.0445,0.1189,27.18,
19,2024/2/27,10:44:53,0.3669,0.1225,2.2416,0.1343,0.0449,0.1225,27.17,
20,2024/2/27,10:44:54,0.4125,0.1367,2.5121,0.1347,0.0447,0.1367,27.16,
21,2024/2/27,10:44:55,0.4809,0.1597,2.9339,0.1345,0.0447,0.1597,27.16,
22,2024/2/27,10:44:56,0.5263,0.1742,3.2038,0.1348,0.0446,0.1742,27.16,
23,2024/2/27,10:44:57,0.5643,0.1867,3.4364,0.1348,0.0446,0.1867,27.15,
24,2024/2/27,10:44:58,0.6047,0.2002,3.6819,0.1348,0.0446,0.2002,27.14,
25,2024/2/27,10:44:58,0.7287,0.2414,4.4386,0.1347,0.0446,0.2414,27.13,
26,2024/2/27,10:44:59,0.7747,0.2567,4.7187,0.1347,0.0446,0.2567,27.12,
27,2024/2/27,10:45:00,0.8255,0.2734,5.0293,0.1347,0.0446,0.2734,27.12,
28,2024/2/27,10:45:01,0.8657,0.288,5.2828,0.1345,0.0447,0.288,27.12,
29,2024/2/27,10:45:02,1.0384,0.3442,6.3268,0.1347,0.0446,0.3442,27.12,
30,2024/2/27,10:45:02,1.0352,0.3426,6.3085,0.1347,0.0446,0.3426,27.12,
31,2024/2/27,10:45:03,1.1108,0.3681,6.7679,0.1347,0.0446,0.3681,27.16,
32,2024/2/27,10:45:03,1.2009,0.3978,7.3109,0.1348,0.0446,0.3978,27.10,
33,2024/2/27,10:45:04,1.3532,0.4486,8.2425,0.1347,0.0447,0.4486,27.10,
34,2024/2/27,10:45:04,1.4802,0.4914,9.02,0.1347,0.0447,0.4914,27.09,
35,2024/2/27,10:45:05,1.5316,0.5067,9.334,0.1347,0.0446,0.5067,27.09,
36,2024/2/27,10:45:06,1.6093,0.5335,9.811,0.1346,0.0446,0.5335,27.08,
37,2024/2/27,10:45:06,1.7057,0.5659,10.3954,0.1347,0.0447,0.5659,27.08,
38,2024/2/27,10:45:07,1.8241,0.605,11.1104,0.1347,0.0447,0.605,27.07,
39,2024/2/27,10:45:07,1.9185,0.6359,11.6945,0.1346,0.0446,0.6359,27.07,
40,2024/2/27,10:45:08,1.989,0.6594,12.1102,0.1348,0.0447,0.6594,27.07,
41,2024/2/27,10:45:08,2.1022,0.6964,12.8011,0.1348,0.0446,0.6964,27.09,
42,2024/2/27,10:45:09,2.2617,0.7498,13.771,0.1348,0.0447,0.7498,27.09,
43,2024/2/27,10:45:10,2.3629,0.7837,14.4004,0.1347,0.0447,0.7837,27.05,
44,2024/2/27,10:45:10,2.2336,0.7558,13.7338,0.1336,0.0452,0.7558,27.05,
45,2024/2/27,10:45:11,2.5967,0.8607,15.8187,0.1347,0.0447,0.8607,27.03,
46,2024/2/27,10:45:11,2.7331,0.9068,16.6553,0.1347,0.0447,0.9068,27.03,
47,2024/2/27,10:45:12,2.8906,0.9592,17.6101,0.1347,0.0447,0.9592,27.03,
48,2024/2/27,10:45:12,3.0097,0.9979,18.3408,0.1347,0.0447,0.9979,27.02,
49,2024/2/27,10:45:13,3.1787,1.0539,19.3698,0.1347,0.0447,1.0539,27.02,
50,2024/2/27,10:45:14,3.3375,1.1062,20.3298,0.1347,0.0447,1.1062,27.01,
51,2024/2/27,10:45:14,3.4914,1.1573,21.2732,0.1347,0.0446,1.1573,27.01,
52,2024/2/27,10:45:15,3.6172,1.1994,22.045,0.1347,0.0447,1.1994,27.00,
53,2024/2/27,10:45:15,3.8044,1.2602,23.1796,0.1347,0.0446,1.2602,27.00,
54,2024/2/27,10:45:16,4.0464,1.3412,24.6586,0.1347,0.0446,1.3412,27.00,
55,2024/2/27,10:45:16,4.2584,1.4098,25.9438,0.1347,0.0446,1.4098,27.00,
56,2024/2/27,10:45:17,4.3579,1.4441,26.5528,0.1347,0.0446,1.4441,27.00,
57,2024/2/27,10:45:18,4.6034,1.5252,28.047,0.1347,0.0446,1.5252,27.03,
58,2024/2/27,10:45:18,4.4356,1.4905,27.1903,0.1339,0.045,1.4905,27.03,
59,2024/2/27,10:45:19,4.941,1.6385,30.1037,0.1347,0.0447,1.6385,26.97,
60,2024/2/27,10:45:19,5.1141,1.6942,31.1604,0.1347,0.0446,1.6942,26.97,
61,2024/2/27,10:45:20,5.2921,1.7543,32.2469,0.1347,0.0446,1.7543,26.96,
62,2024/2/27,10:45:20,5.5182,1.8274,33.6324,0.1347,0.0446,1.8274,26.95,
63,2024/2/27,10:45:21,5.78,1.9128,35.2126,0.1347,0.0446,1.9128,26.95,
64,2024/2/27,10:45:22,6.079,2.0127,37.0321,0.1347,0.0446,2.0127,26.95,
65,2024/2/27,10:45:22,6.2647,2.0737,38.1688,0.1347,0.0446,2.0737,26.95,
66,2024/2/27,10:45:23,6.602,2.1853,40.2304,0.1347,0.0446,2.1853,26.95,
67,2024/2/27,10:45:23,6.8476,2.2666,41.73,0.1347,0.0446,2.2666,26.95,
68,2024/2/27,10:45:24,7.2417,2.3953,44.1191,0.1347,0.0446,2.3953,26.93,
69,2024/2/27,10:45:24,7.5094,2.4847,45.7647,0.1347,0.0446,2.4847,26.93,
70,2024/2/27,10:45:25,7.907,2.6167,48.1817,0.1347,0.0446,2.6167,26.92,
71,2024/2/27,10:45:25,8.3459,2.7626,50.8496,0.1347,0.0446,2.7626,26.92,
72,2024/2/27,10:45:26,8.7443,2.8925,53.265,0.1347,0.0446,2.8925,26.92,
73,2024/2/27,10:45:27,9.0825,3.0054,55.3326,0.1347,0.0446,3.0054,26.91,
74,2024/2/27,10:45:27,9.5299,3.1524,58.0651,0.1347,0.0446,3.1524,26.91,
75,2024/2/27,10:45:28,10.0183,3.3145,61.0383,0.1347,0.0446,3.3145,26.91,
76,2024/2/27,10:45:28,10.4311,3.4507,63.563,0.1347,0.0446,3.4507,26.91,
77,2024/2/27,10:45:29,10.8362,3.5828,66.0127,0.1347,0.0445,3.5828,26.95,
78,2024/2/27,10:45:29,11.3396,3.7498,69.0888,0.1347,0.0445,3.7498,26.89,
79,2024/2/27,10:45:30,11.851,3.9172,72.1898,0.1347,0.0445,3.9172,26.89,
80,2024/2/27,10:45:31,12.3769,4.0901,75.3946,0.1347,0.0445,4.0901,26.88,
81,2024/2/27,10:45:31,12.7158,4.2009,77.4478,0.1348,0.0445,4.2009,26.88,
82,2024/2/27,10:45:32,13.2446,4.3757,80.6648,0.1348,0.0445,4.3757,26.87,
83,2024/2/27,10:45:32,13.9021,4.5922,84.6764,0.1347,0.0445,4.5922,26.87,
84,2024/2/27,10:45:33,14.4521,4.7716,88.03,0.1347,0.0445,4.7716,26.87,
85,2024/2/27,10:45:33,14.8927,4.9161,90.6889,0.1348,0.0445,4.9161,26.87,
86,2024/2/27,10:45:34,15.469,5.1056,94.2069,0.1348,0.0445,5.1056,26.85,
87,2024/2/27,10:45:35,16.3224,5.3871,99.4028,0.1348,0.0445,5.3871,26.84,
88,2024/2/27,10:45:35,16.781,5.5368,102.1855,0.1348,0.0445,5.5368,26.84,
89,2024/2/27,10:45:36,15.7913,5.3037,96.8827,0.1338,0.045,5.3037,26.84,
90,2024/2/27,10:45:36,18.4688,6.0926,112.4691,0.1348,0.0445,6.0926,26.84,
91,2024/2/27,10:45:37,17.8044,5.914,108.7472,0.1344,0.0446,5.914,26.84,
92,2024/2/27,10:45:37,18.9913,6.2643,115.6428,0.1348,0.0445,6.2643,26.84,
93,2024/2/27,10:45:38,19.3661,6.3831,117.9118,0.1348,0.0444,6.3831,26.83,
94,2024/2/27,10:45:39,19.8732,6.5494,120.9875,0.1348,0.0444,6.5494,26.82,
95,2024/2/27,10:45:39,20.7151,6.8284,126.1396,0.1348,0.0444,6.8284,26.82,
96,2024/2/27,10:45:40,20.6983,6.8216,125.995,0.1348,0.0444,6.8216,26.81,
97,2024/2/27,10:45:40,20.9577,6.9051,127.5935,0.1348,0.0444,6.9051,26.81,
98,2024/2/27,10:45:41,21.3972,7.0452,130.2311,0.1349,0.0444,7.0452,26.80,
99,2024/2/27,10:45:41,22.0065,7.2489,133.9615,0.1348,0.0444,7.2489,26.80,
100,2024/2/27,10:45:42,22.1205,7.2857,134.6746,0.1348,0.0444,7.2857,26.80,
101,2024/2/27,10:45:42,22.596,7.439,137.5441,0.1348,0.0444,7.439,26.79,
102,2024/2/27,10:45:43,22.9338,7.5527,139.6047,0.1348,0.0444,7.5527,26.79,
103,2024/2/27,10:45:44,23.2625,7.6596,141.6031,0.1348,0.0444,7.6596,26.77,
104,2024/2/27,10:45:44,23.4764,7.7265,142.9217,0.1348,0.0444,7.7265,26.77,
105,2024/2/27,10:45:45,23.7601,7.8213,144.6275,0.1348,0.0444,7.8213,26.76,
106,2024/2/27,10:45:45,24.1099,7.9344,146.7511,0.1348,0.0444,7.9344,26.76,
107,2024/2/27,10:45:46,24.4615,8.0483,148.8946,0.1348,0.0444,8.0483,26.76,
108,2024/2/27,10:45:46,24.6838,8.1251,150.2474,0.1348,0.0444,8.1251,26.76,
109,2024/2/27,10:45:47,25.0044,8.226,152.2128,0.1348,0.0444,8.226,26.74,
110,2024/2/27,10:45:48,25.3253,8.3326,154.1543,0.1348,0.0444,8.3326,26.73,
111,2024/2/27,10:45:48,25.6655,8.4417,156.2099,0.1349,0.0444,8.4417,26.73,
112,2024/2/27,10:45:49,25.938,8.5308,157.8515,0.1349,0.0444,8.5308,26.73,
113,2024/2/27,10:45:49,26.2421,8.6324,159.7366,0.1348,0.0444,8.6324,26.73,
114,2024/2/27,10:45:50,26.6439,8.7607,162.1417,0.1349,0.0443,8.7607,26.73,
115,2024/2/27,10:45:50,26.9918,8.8756,164.2805,0.1349,0.0443,8.8756,26.73,
116,2024/2/27,10:45:51,27.2387,8.9564,165.8049,0.1348,0.0443,8.9564,26.76,
117,2024/2/27,10:45:52,27.5664,9.063,167.7815,0.1349,0.0443,9.063,26.70,
118,2024/2/27,10:45:52,27.9758,9.1934,170.249,0.1349,0.0443,9.1934,26.70,
119,2024/2/27,10:45:53,28.2634,9.29,172.038,0.1348,0.0443,9.29,26.70,
120,2024/2/27,10:45:53,28.5627,9.3883,173.8342,0.1349,0.0443,9.3883,26.70,
121,2024/2/27,10:45:54,26.189,8.7619,160.582,0.1339,0.0448,8.7619,26.69,
122,2024/2/27,10:45:54,29.2414,9.6082,177.9744,0.1349,0.0443,9.6082,26.69,
123,2024/2/27,10:45:55,29.6179,9.7331,180.2569,0.1349,0.0443,9.7331,26.68,
124,2024/2/27,10:45:56,29.9438,9.8359,182.2311,0.1349,0.0443,9.8359,26.68,
125,2024/2/27,10:45:56,30.2694,9.9447,184.2083,0.1349,0.0443,9.9447,26.68,
126,2024/2/27,10:45:57,30.7175,10.0896,186.9296,0.1349,0.0443,10.0896,26.66,
127,2024/2/27,10:45:57,31.1239,10.2224,189.4249,0.1349,0.0443,10.2224,26.66,
128,2024/2/27,10:45:58,31.4393,10.324,191.3254,0.1349,0.0443,10.324,26.66,
129,2024/2/27,10:45:58,31.8422,10.4546,193.7485,0.1349,0.0443,10.4546,26.66,
130,2024/2/27,10:45:59,32.2524,10.5871,196.26,0.1349,0.0443,10.5871,26.65,
131,2024/2/27,10:45:59,30.8768,10.2427,188.6999,0.1344,0.0446,10.2427,26.65,
132,2024/2/27,10:46:00,33.4884,10.9915,203.8027,0.1349,0.0443,10.9915,26.64,
133,2024/2/27,10:46:01,29.7064,9.9681,182.4695,0.1337,0.0449,9.9681,26.62,
134,2024/2/27,10:46:01,30.6574,10.2842,188.298,0.1337,0.0449,10.2842,26.62,
135,2024/2/27,10:46:02,35.1872,11.5409,214.0513,0.1349,0.0443,11.5409,26.62,
136,2024/2/27,10:46:02,35.4727,11.6343,215.8324,0.1349,0.0442,11.6343,26.62,
137,2024/2/27,10:46:03,36.2161,11.8761,220.3456,0.1349,0.0442,11.8761,26.62,
138,2024/2/27,10:46:03,36.778,12.0596,223.759,0.1349,0.0442,12.0596,26.62,
139,2024/2/27,10:46:04,37.4634,12.2781,227.9164,0.1349,0.0442,12.2781,26.62,
140,2024/2/27,10:46:05,37.9081,12.4252,230.6305,0.1349,0.0442,12.4252,26.62,
141,2024/2/27,10:46:05,38.3204,12.5582,233.1243,0.1349,0.0442,12.5582,26.65,
142,2024/2/27,10:46:06,38.998,12.7775,237.2409,0.1349,0.0442,12.7775,26.60,
143,2024/2/27,10:46:06,39.8216,13.0448,242.2441,0.1349,0.0442,13.0448,26.60,
144,2024/2/27,10:46:07,37.1005,12.3364,227.1428,0.1341,0.0446,12.3364,26.59,
145,2024/2/27,10:46:07,40.7847,13.3549,248.1026,0.1349,0.0442,13.3549,26.59,
146,2024/2/27,10:46:08,41.4729,13.5814,252.3002,0.1349,0.0442,13.5814,26.58,
147,2024/2/27,10:46:08,42.2475,13.8303,256.9611,0.135,0.0442,13.8303,26.58,
148,2024/2/27,10:46:09,39.6375,13.1569,242.5173,0.1342,0.0446,13.1569,26.58,
149,2024/2/27,10:46:10,43.4165,14.2089,264.0813,0.135,0.0442,14.2089,26.58,
150,2024/2/27,10:46:10,44.0386,14.4119,267.8807,0.135,0.0442,14.4119,26.62,
151,2024/2/27,10:46:11,44.7825,14.6522,272.3977,0.135,0.0442,14.6522,26.56,
152,2024/2/27,10:46:11,45.3606,14.8404,275.8655,0.135,0.0442,14.8404,26.56,
153,2024/2/27,10:46:12,45.7953,14.9771,278.5172,0.135,0.0441,14.9771,26.56,
154,2024/2/27,10:46:12,46.415,15.1819,282.2943,0.135,0.0441,15.1819,26.56,
155,2024/2/27,10:46:13,47.1781,15.4261,286.9115,0.135,0.0441,15.4261,26.55,
156,2024/2/27,10:46:14,47.8962,15.6583,291.2604,0.135,0.0441,15.6583,26.55,
157,2024/2/27,10:46:14,48.8138,15.9526,296.8598,0.135,0.0441,15.9526,26.55,
158,2024/2/27,10:46:15,49.7513,16.2554,302.5312,0.135,0.0441,16.2554,26.54,
159,2024/2/27,10:46:15,50.6171,16.5353,307.7846,0.135,0.0441,16.5353,26.54,
160,2024/2/27,10:46:16,51.1029,16.6931,310.7372,0.135,0.0441,16.6931,26.54,
161,2024/2/27,10:46:16,51.7174,16.8896,314.4635,0.135,0.0441,16.8896,26.54,
162,2024/2/27,10:46:17,52.5841,17.1719,319.7111,0.135,0.0441,17.1719,26.53,
163,2024/2/27,10:46:18,53.4802,17.4591,325.1746,0.135,0.0441,17.4591,26.53,
164,2024/2/27,10:46:18,54.0005,17.6249,328.3081,0.135,0.0441,17.6249,26.53,
165,2024/2/27,10:46:19,54.5503,17.8005,331.6409,0.135,0.0441,17.8005,26.53,
166,2024/2/27,10:46:19,55.4936,18.1095,337.3901,0.135,0.0441,18.1095,26.52,
167,2024/2/27,10:46:20,56.4245,18.4058,343.0061,0.135,0.0441,18.4058,26.52,
168,2024/2/27,10:46:20,56.8959,18.5591,345.9293,0.135,0.044,18.5591,26.52,
169,2024/2/27,10:46:21,57.4199,18.7265,349.0645,0.135,0.044,18.7265,26.51,
170,2024/2/27,10:46:21,58.4282,19.052,355.1799,0.135,0.044,19.052,26.51,
171,2024/2/27,10:46:22,59.4703,19.389,361.5144,0.135,0.044,19.389,26.51,
172,2024/2/27,10:46:23,59.9595,19.5454,364.479,0.135,0.044,19.5454,26.51,
173,2024/2/27,10:46:23,60.5631,19.7363,368.1543,0.135,0.044,19.7363,26.55,
174,2024/2/27,10:46:24,61.5745,20.0599,374.2782,0.1351,0.044,20.0599,26.49,
175,2024/2/27,10:46:24,62.5696,20.3807,380.3158,0.1351,0.044,20.3807,26.49,
176,2024/2/27,10:46:25,63.1652,20.5712,383.8742,0.1351,0.044,20.5712,26.48,
177,2024/2/27,10:46:25,63.7232,20.7497,387.3169,0.1351,0.044,20.7497,26.48,
178,2024/2/27,10:46:26,64.7825,21.0868,393.7187,0.1351,0.044,21.0868,26.48,
179,2024/2/27,10:46:27,65.778,21.4102,399.763,0.1351,0.044,21.4102,26.48,
180,2024/2/27,10:46:27,66.2877,21.5736,402.8683,0.1351,0.044,21.5736,26.48,
181,2024/2/27,10:46:28,66.9225,21.7817,406.743,0.1351,0.044,21.7817,26.48,
182,2024/2/27,10:46:28,67.9953,22.1233,413.2304,0.1351,0.044,22.1233,26.48,
183,2024/2/27,10:46:29,69.0501,22.4597,419.6158,0.1351,0.0439,22.4597,26.47,
184,2024/2/27,10:46:29,69.6918,22.6659,423.501,0.1351,0.0439,22.6659,26.47,
185,2024/2/27,10:46:30,65.5135,21.5466,400.0037,0.1345,0.0442,21.5466,26.47,
186,2024/2/27,10:46:31,71.3454,23.1931,433.5159,0.1351,0.0439,23.1931,26.47,
187,2024/2/27,10:46:31,72.2555,23.4828,439.0154,0.1351,0.0439,23.4828,26.46,
188,2024/2/27,10:46:32,73.0783,23.7465,444.0307,0.1351,0.0439,23.7465,26.46,
189,2024/2/27,10:46:32,73.6898,23.9444,447.7529,0.1351,0.0439,23.9444,26.46,
190,2024/2/27,10:46:33,74.8249,24.3054,454.6076,0.1351,0.0439,24.3054,26.51,
191,2024/2/27,10:46:33,75.6939,24.5832,459.8658,0.1351,0.0439,24.5832,26.51,
192,2024/2/27,10:46:34,71.7899,23.5488,438.0271,0.1346,0.0442,23.5488,26.45,
193,2024/2/27,10:46:35,77.2455,25.0815,469.3194,0.1351,0.0439,25.0815,26.45,
194,2024/2/27,10:46:35,79.3799,25.762,482.2307,0.1351,0.0439,25.762,26.45,
195,2024/2/27,10:46:36,74.6618,24.5361,456.0123,0.1345,0.0442,24.5361,26.45,
196,2024/2/27,10:46:36,82.9568,26.8991,503.8321,0.1352,0.0438,26.8991,26.45,
197,2024/2/27,10:46:37,84.161,27.2826,511.1717,0.1352,0.0438,27.2826,26.45,
198,2024/2/27,10:46:37,75.6646,25.0545,463.7875,0.134,0.0444,25.0545,26.49,
199,2024/2/27,10:46:38,87.9893,28.503,534.3682,0.1352,0.0438,28.503,26.43,
200,2024/2/27,10:46:38,89.6512,29.0301,544.4358,0.1352,0.0438,29.0301,26.43,
201,2024/2/27,10:46:39,90.933,29.4403,552.1772,0.1352,0.0438,29.4403,26.42,
202,2024/2/27,10:46:40,92.6418,29.9821,562.5458,0.1352,0.0438,29.9821,26.42,
203,2024/2/27,10:46:40,94.0591,30.432,571.1121,0.1352,0.0437,30.432,26.42,
204,2024/2/27,10:46:41,83.7055,27.6688,512.9634,0.1341,0.0443,27.6688,26.42,
205,2024/2/27,10:46:41,96.3285,31.155,584.8398,0.1352,0.0437,31.155,26.41,
206,2024/2/27,10:46:42,97.5074,31.5241,591.9609,0.1352,0.0437,31.5241,26.41,
207,2024/2/27,10:46:42,98.839,31.9514,600.0501,0.1352,0.0437,31.9514,26.41,
208,2024/2/27,10:46:43,100.4512,32.4664,609.8189,0.1352,0.0437,32.4664,26.41,
209,2024/2/27,10:46:44,101.7896,32.8851,617.9296,0.1352,0.0437,32.8851,26.41,
210,2024/2/27,10:46:44,102.8795,33.2332,624.5635,0.1352,0.0437,33.2332,26.40,
211,2024/2/27,10:46:45,104.274,33.6714,632.9556,0.1353,0.0437,33.6714,26.40,
212,2024/2/27,10:46:45,106.2498,34.297,644.9141,0.1353,0.0437,34.297,26.40,
213,2024/2/27,10:46:46,108.0905,34.883,656.0914,0.1353,0.0437,34.883,26.40,
214,2024/2/27,10:46:46,102.8713,33.5058,626.8898,0.1348,0.0439,33.5058,26.40,
215,2024/2/27,10:46:47,111.4103,35.929,676.172,0.1353,0.0436,35.929,26.39,
216,2024/2/27,10:46:48,112.8345,36.378,684.8036,0.1353,0.0436,36.378,26.39,
217,2024/2/27,10:46:48,100.2045,33.0055,613.7383,0.1342,0.0442,33.0055,26.38,
218,2024/2/27,10:46:49,101.5701,33.4455,622.126,0.1341,0.0442,33.4455,26.38,
219,2024/2/27,10:46:49,117.4432,37.8332,712.6317,0.1353,0.0436,37.8332,26.38,
220,2024/2/27,10:46:50,118.9578,38.3123,721.8026,0.1353,0.0436,38.3123,26.38,
221,2024/2/27,10:46:50,120.0337,38.6483,728.3066,0.1353,0.0436,38.6483,26.38,
222,2024/2/27,10:46:51,118.7054,38.3513,721.3523,0.1351,0.0437,38.3513,26.43,
223,2024/2/27,10:46:51,123.327,39.6887,748.2313,0.1353,0.0436,39.6887,26.43,
224,2024/2/27,10:46:52,124.9237,40.1926,757.8951,0.1353,0.0435,40.1926,26.37,
225,2024/2/27,10:46:53,126.2459,40.6103,765.8732,0.1354,0.0435,40.6103,26.37,
226,2024/2/27,10:46:53,127.8059,41.1042,775.3278,0.1354,0.0435,41.1042,26.37,
227,2024/2/27,10:46:54,130.0911,41.8162,789.1343,0.1354,0.0435,41.8162,26.37,
228,2024/2/27,10:46:54,131.4414,42.2448,797.3308,0.1354,0.0435,42.2448,26.36,
229,2024/2/27,10:46:55,132.6278,42.6159,804.4963,0.1354,0.0435,42.6159,26.36,
230,2024/2/27,10:46:55,134.1835,43.1077,813.8817,0.1354,0.0435,43.1077,26.37,
231,2024/2/27,10:46:56,136.2575,43.7578,826.4156,0.1354,0.0435,43.7578,26.36,
232,2024/2/27,10:46:57,137.8393,44.2551,835.9586,0.1354,0.0435,44.2551,26.36,
233,2024/2/27,10:46:57,139.0041,44.6176,843.0437,0.1354,0.0435,44.6176,26.36,
234,2024/2/27,10:46:58,140.2159,45.0032,850.3842,0.1354,0.0435,45.0032,26.36,
235,2024/2/27,10:46:58,142.3555,45.6754,863.323,0.1354,0.0434,45.6754,26.35,
236,2024/2/27,10:46:59,144.3975,46.3164,875.6672,0.1354,0.0434,46.3164,26.35,
237,2024/2/27,10:46:59,145.5753,46.6774,882.7147,0.1354,0.0434,46.6774,26.34,
238,2024/2/27,10:47:00,146.9967,47.1297,891.4009,0.1354,0.0434,47.1297,26.34,
239,2024/2/27,10:47:01,149.3862,47.8794,905.8119,0.1354,0.0434,47.8794,26.34,
240,2024/2/27,10:47:01,151.0189,48.3838,915.634,0.1354,0.0434,48.3838,26.34,
241,2024/2/27,10:47:02,152.3871,48.8094,923.8895,0.1354,0.0434,48.8094,26.34,
242,2024/2/27,10:47:02,153.4439,49.1384,930.2607,0.1355,0.0434,49.1384,26.34,
243,2024/2/27,10:47:03,155.635,49.8262,943.4918,0.1355,0.0434,49.8262,26.34,
244,2024/2/27,10:47:03,157.6023,50.4442,955.4139,0.1355,0.0434,50.4442,26.35,
245,2024/2/27,10:47:04,159.2607,50.9617,965.4125,0.1355,0.0433,50.9617,26.35,
246,2024/2/27,10:47:05,160.388,51.3124,972.275,0.1355,0.0433,51.3124,26.35,
247,2024/2/27,10:47:05,162.6111,52.0082,985.6884,0.1355,0.0433,52.0082,26.35,
248,2024/2/27,10:47:06,164.9018,52.722,999.4774,0.1355,0.0433,52.722,26.35,
249,2024/2/27,10:47:06,166.2896,53.1569,1007.8207,0.1355,0.0433,53.1569,26.39,
250,2024/2/27,10:47:07,167.6695,53.5907,1016.2436,0.1355,0.0433,53.5907,26.39,
251,2024/2/27,10:47:07,169.9076,54.286,1029.7611,0.1355,0.0433,54.286,26.34,
252,2024/2/27,10:47:08,172.5316,55.0971,1045.514,0.1355,0.0433,55.0971,26.34,
253,2024/2/27,10:47:08,170.1889,54.5391,1032.9944,0.1353,0.0434,54.5391,26.34,
254,2024/2/27,10:47:09,175.8787,56.1439,1065.7285,0.1355,0.0433,56.1439,26.34,
255,2024/2/27,10:47:10,177.4001,56.6206,1074.9669,0.1355,0.0433,56.6206,26.34,

