Red,X,Y,Z,x,y
255,409.3795,185.9349,0.2966,0.6873,0.3122
254,403.0217,183.0453,0.2939,0.6873,0.3122
253,401.9909,182.6039,0.2996,0.6873,0.3122
252,400.5366,181.9239,0.2929,0.6873,0.3122
251,400.2009,181.7893,0.2807,0.6873,0.3122
250,396.0579,179.8934,0.2911,0.6873,0.3122
249,392.3399,178.2218,0.2835,0.6873,0.3122
248,389.2015,176.8456,0.2824,0.6872,0.3123
247,386.2696,175.4464,0.287,0.6873,0.3122
246,382.2746,173.6076,0.2792,0.6873,0.3122
245,379.3646,172.2083,0.2716,0.6874,0.3121
244,375.7656,170.6168,0.2763,0.6874,0.3121
243,372.9041,169.4502,0.2635,0.6872,0.3123
242,370.5419,168.3188,0.2684,0.6873,0.3122
241,367.892,167.1022,0.2672,0.6873,0.3122
240,366.186,166.3847,0.2606,0.6872,0.3123
239,362.7562,164.8308,0.2592,0.6872,0.3123
238,360.3329,163.6769,0.252,0.6873,0.3122
237,357.4812,162.4518,0.251,0.6872,0.3123
236,354.5603,161.1177,0.2558,0.6872,0.3123
235,352.3073,160.0651,0.2548,0.6873,0.3122
234,348.9951,158.6115,0.2475,0.6872,0.3123
233,345.9627,157.2244,0.2523,0.6872,0.3123
232,343.3859,156.0439,0.2633,0.6872,0.3123
231,340.3584,154.6517,0.2438,0.6872,0.3123
230,336.74,153.0033,0.2423,0.6872,0.3123
229,333.595,151.5957,0.235,0.6872,0.3123
228,329.8341,149.8918,0.2334,0.6872,0.3123
227,326.4052,148.3271,0.238,0.6872,0.3123
226,323.3046,146.9516,0.2429,0.6872,0.3123
225,319.8237,145.3706,0.2293,0.6872,0.3123
224,315.5552,143.4376,0.2215,0.6872,0.3124
223,312.0812,141.8665,0.2261,0.6871,0.3124
222,308.8955,140.4095,0.2127,0.6872,0.3124
221,304.6367,138.4769,0.217,0.6872,0.3124
220,300.6122,136.6757,0.2093,0.6871,0.3124
219,296.7714,134.8684,0.2196,0.6872,0.3123
218,293.3382,133.3512,0.2123,0.6871,0.3124
217,289.5075,131.6037,0.2167,0.6871,0.3124
216,285.6502,129.8347,0.1969,0.6872,0.3123
215,281.4608,127.9545,0.2013,0.6871,0.3124
214,277.401,126.0698,0.2055,0.6872,0.3123
213,273.4779,124.3092,0.1857,0.6872,0.3124
212,270.259,122.8817,0.1906,0.6871,0.3124
211,266.5448,121.164,0.201,0.6871,0.3124
210,262.676,119.3798,0.1751,0.6872,0.3123
209,258.8919,117.6626,0.1856,0.6872,0.3123
208,254.5613,115.7135,0.1778,0.6872,0.3124
207,251.2053,114.1887,0.1825,0.6871,0.3124
206,247.6712,112.5988,0.1811,0.6871,0.3124
205,244.0425,110.9316,0.1795,0.6871,0.3123
204,240.1894,109.1569,0.1718,0.6872,0.3123
203,236.5063,107.4859,0.1702,0.6872,0.3123
202,232.8747,105.8572,0.1627,0.6872,0.3124
201,229.6327,104.3805,0.1553,0.6872,0.3124
200,226.1609,102.8004,0.166,0.6872,0.3123
199,222.3758,101.0626,0.1643,0.6872,0.3123
198,218.9099,99.4842,0.1568,0.6872,0.3123
197,215.5379,97.9508,0.1614,0.6872,0.3123
196,212.4995,96.5671,0.148,0.6872,0.3123
195,209.0858,95.0294,0.1648,0.6871,0.3123
194,205.6554,93.4773,0.1392,0.6872,0.3123
193,202.2354,91.9149,0.1499,0.6872,0.3123
192,199.1415,90.5084,0.1425,0.6872,0.3123
191,196.1567,89.1591,0.1473,0.6872,0.3123
190,192.9746,87.6897,0.1338,0.6872,0.3123
189,189.6213,86.1577,0.1384,0.6872,0.3123
188,186.4233,84.724,0.1251,0.6872,0.3123
187,183.2964,83.296,0.1298,0.6872,0.3123
186,180.1622,81.8632,0.1345,0.6872,0.3123
185,177.2123,80.5281,0.1333,0.6872,0.3123
184,174.3122,79.209,0.126,0.6872,0.3123
183,171.1012,77.7396,0.1246,0.6872,0.3123
182,168.2238,76.4361,0.1174,0.6873,0.3123
181,165.3402,75.1356,0.1162,0.6872,0.3123
180,162.7543,73.9656,0.1152,0.6872,0.3123
179,159.8205,72.6342,0.1079,0.6872,0.3123
178,156.6781,71.1971,0.1187,0.6872,0.3123
177,154.1722,70.0483,0.0994,0.6873,0.3123
176,151.3254,68.7625,0.0982,0.6873,0.3123
175,148.5648,67.5079,0.1153,0.6872,0.3123
174,145.6757,66.1827,0.1019,0.6873,0.3122
173,143.1332,65.0288,0.0887,0.6873,0.3123
172,140.6579,63.8965,0.1058,0.6873,0.3122
171,137.7651,62.5839,0.0986,0.6873,0.3122
170,135.3705,61.5133,0.0976,0.6872,0.3123
169,132.7989,60.3432,0.0966,0.6872,0.3123
168,130.0815,59.0843,0.0893,0.6873,0.3122
167,127.8109,58.0693,0.0823,0.6873,0.3123
166,125.3736,56.9674,0.0874,0.6872,0.3123
165,122.8565,55.823,0.0863,0.6872,0.3123
164,120.4457,54.717,0.0792,0.6873,0.3122
163,118.084,53.6464,0.0842,0.6873,0.3122
162,115.8242,52.6157,0.0772,0.6873,0.3122
161,113.4745,51.5547,0.0823,0.6873,0.3122
160,111.0175,50.4227,0.0812,0.6873,0.3122
159,108.7864,49.4194,0.0742,0.6873,0.3122
158,106.4659,48.3489,0.0732,0.6874,0.3122
157,104.2313,47.3584,0.0784,0.6872,0.3122
156,102.1803,46.4185,0.0775,0.6873,0.3122
155,99.803,45.3051,0.0643,0.6875,0.3121
154,97.5127,44.3038,0.0696,0.6873,0.3122
153,95.189,43.2532,0.0686,0.6872,0.3123
152,92.81,42.1474,0.0615,0.6874,0.3122
151,90.3582,41.0543,0.0605,0.6873,0.3123
150,87.9143,39.9558,0.0595,0.6872,0.3123
149,85.2408,38.7361,0.0645,0.6872,0.3123
148,82.5213,37.5047,0.0573,0.6872,0.3123
147,79.6574,36.2124,0.0561,0.6871,0.3124
146,76.6422,34.8279,0.0609,0.6872,0.3123
145,73.6775,33.4811,0.0415,0.6873,0.3123
144,70.7092,32.1425,0.0524,0.6871,0.3124
143,67.8832,30.8597,0.0451,0.6872,0.3124
142,65.0249,29.5549,0.05,0.6872,0.3123
141,62.2771,28.3034,0.0428,0.6872,0.3123
140,59.4593,27.0276,0.0416,0.6872,0.3124
139,56.826,25.8295,0.0405,0.6872,0.3123
138,54.3974,24.7174,0.0334,0.6873,0.3123
137,51.8857,23.5842,0.043,0.6871,0.3123
136,49.4034,22.4491,0.0358,0.6872,0.3123
135,47.1764,21.4384,0.0349,0.6872,0.3123
134,44.9173,20.4128,0.0279,0.6873,0.3123
133,42.7162,19.4076,0.027,0.6873,0.3123
132,40.7724,18.5243,0.0322,0.6872,0.3122
131,38.6398,17.5584,0.0253,0.6873,0.3123
130,36.7963,16.7194,0.0245,0.6873,0.3123
129,34.9628,15.8846,0.0237,0.6873,0.3123
128,33.2158,15.0927,0.023,0.6872,0.3123
127,31.4487,14.2901,0.0223,0.6872,0.3123
126,29.8141,13.5467,0.0216,0.6872,0.3123
125,28.2196,12.8226,0.0209,0.6872,0.3123
124,26.7235,12.1407,0.0203,0.6873,0.3122
123,25.2753,11.4832,0.0186,0.6873,0.3122
122,23.9208,10.8661,0.018,0.6873,0.3122
121,22.5533,10.2437,0.0144,0.6874,0.3122
120,21.2991,9.671,0.0139,0.6874,0.3121
119,20.0752,9.1158,0.0103,0.6875,0.3122
118,18.8806,8.577,0.0129,0.6873,0.3122
117,17.7932,8.0821,0.0124,0.6873,0.3122
116,16.8996,7.6742,0.0151,0.6873,0.3121
115,15.9396,7.2352,0.0086,0.6875,0.3121
114,15.3354,6.9663,0.0084,0.6874,0.3122
113,14.7178,6.6836,0.0111,0.6873,0.3121
112,14.1535,6.4265,0.0079,0.6875,0.3122
111,13.5451,6.1505,0.0076,0.6875,0.3122
110,12.9977,5.9025,0.0134,0.6872,0.3121
109,12.4031,5.6344,0.0114,0.6872,0.3122
108,11.906,5.4072,0.0112,0.6872,0.3121
107,11.3415,5.1511,0.0118,0.6872,0.3121
106,10.8702,4.9357,0.0142,0.6871,0.312
105,10.3141,4.6866,0.0097,0.6871,0.3122
104,9.8732,4.4845,0.0095,0.6872,0.3121
103,9.4097,4.2745,0.0093,0.6872,0.3122
102,9.0045,4.0899,0.01,0.6871,0.3121
101,8.6128,3.9149,0.0089,0.687,0.3123
100,8.2125,3.7327,0.0096,0.687,0.3122
99,7.7651,3.524,0.0077,0.6874,0.3119
98,7.4027,3.3626,0.0058,0.6873,0.3122
97,7.0546,3.2052,0.0074,0.6871,0.3122
96,6.6979,3.0424,0.0073,0.6871,0.3121
95,6.3828,2.8999,0.0089,0.6869,0.3121
94,6.0441,2.7466,0.007,0.687,0.3122
93,5.7497,2.6124,0.0086,0.6869,0.3121
92,5.4649,2.4813,0.0042,0.6874,0.3121
91,5.1653,2.3457,0.0058,0.6872,0.3121
90,4.8964,2.2241,0.0057,0.6871,0.3121
89,4.6438,2.109,0.0064,0.687,0.312
88,4.3956,1.996,0.0054,0.6871,0.312
87,4.1717,1.8943,0.0019,0.6875,0.3122
86,3.9582,1.7975,0.0035,0.6873,0.3121
85,3.7473,1.703,0.0052,0.6869,0.3122
84,3.5553,1.6154,0.005,0.6869,0.3121
83,3.1736,1.4424,0.0059,0.6866,0.3121
82,2.9142,1.3251,0.0051,0.6866,0.3122
81,2.6078,1.1855,0.006,0.6864,0.312
80,2.3752,1.0795,0.0045,0.6866,0.3121
79,2.1414,0.9734,0.0035,0.6867,0.3122
78,1.9269,0.8764,0.0047,0.6862,0.3121
77,1.7259,0.7851,0.0044,0.6861,0.3121
76,1.5713,0.7143,0.0046,0.6861,0.3119
75,1.3996,0.6362,0.0049,0.6858,0.3118
74,1.2453,0.5667,0.0036,0.6859,0.3121
73,1.1066,0.5038,0.005,0.685,0.3119
72,0.9883,0.4499,0.0026,0.6859,0.3122
71,0.8824,0.4012,0.0013,0.6867,0.3122
70,0.7684,0.3497,0.0026,0.6857,0.312
69,0.6875,0.3126,0.0019,0.6861,0.312
68,0.6133,0.2793,0.0018,0.6858,0.3123
67,0.5024,0.2288,0.002,0.6852,0.3121
66,0.4235,0.1928,0.0015,0.6855,0.3121
65,0.3474,0.158,0.0013,0.6856,0.3118
64,0.2902,0.132,0.0013,0.6853,0.3118
63,0.2342,0.1065,0.0008,0.6857,0.3119
62,0.1942,0.0884,0.001,0.6848,0.3116
61,0.1486,0.0675,0.0006,0.6856,0.3115
60,0.1089,0.0495,0.0004,0.6855,0.3117
59,0.0712,0.0324,0.0002,0.6864,0.3119
58,0.0509,0.0232,0.0003,0.6846,0.3116
57,0.0355,0.0162,0.0002,0.6841,0.3116
56,0.0261,0.0119,0.0002,0.6844,0.3112
55,0.0203,0.0092,0.0002,0.6842,0.3102
54,0.016,0.0073,0.0001,0.6836,0.311
53,0.0129,0.0059,0.0002,0.68,0.3118
52,0.0057,0.0026,0.0001,0.6762,0.3107
51,0.0009,0.0004,0.0001,0.6285,0.2865
50,0.0001,0.0001,0.0002,0.357,0.2283
49,0.0001,0,0.0001,0.3394,0.0814
48,0.0001,0,0.0001,0.3657,0.1343
47,0,0,0.0001,0.0613,0.092
46,0.0001,0,0.0001,0.3665,0.1633
45,0.0001,0,0.0001,0.2926,-0.0266
44,0.0001,0,0.0001,0.2971,0.0857
43,0,0,0.0001,-0.1444,0.3889
42,0,0.0001,0.0002,0.0847,0.2379
41,0.0001,0,0.0001,0.32,0.1771
40,0.0001,0,0.0002,0.1767,0.0883
39,0,0,0.0002,0.1595,0.1595
38,0,0,0.0001,0.2593,0.0741
37,0.0001,0.0001,0.0001,0.2,0.208
36,0.0001,0,0.0002,0.2222,0.0171
35,0,0,0.0001,0.1797,0.1328
34,0.0001,0,0.0001,0.3526,-0.0347
33,0.0001,0.0001,0.0001,0.2,0.208
32,0,0,0.0002,0.1781,0.1822
31,0,0.0001,0,0.3068,0.5909
30,0,0,0.0001,0.1467,0.2663
29,0,0,0.0001,0.2333,0.1111
28,0,0,0.0002,0.1004,0.1967
27,0.0001,0,0.0001,0.3579,0.0737
26,0.0001,0.0001,0.0001,0.2568,0.3018
25,0.0001,0,0.0001,0.3274,-0.0298
24,0.0001,0,0.0001,0.3973,-0.0685
23,0,0,0.0002,-0.0227,-0.0455
22,0,0,0.0002,0.1595,0.1595
21,0.0001,0,0,1.3421,-0.2895
20,0,0.0001,0.0001,0.25,0.325
19,0,0.0001,0.0001,0.2179,0.4103
18,0.0001,0,0.0001,0.3041,0.0643
17,0.0001,0,0.0002,0.2489,0.0362
16,0,0,0.0002,0.0161,0.1486
15,0,0.0001,0.0001,0.1296,0.3241
14,0.0001,0,0.0001,0.295,0.215
13,0,0,0.0001,0.1327,0.1122
12,0,0,0.0002,0.2308,-0.041
11,0,0,0.0001,0.1398,0.1183
10,0,0,0.0001,0.1263,0.0526
9,0,0,0.0001,0.162,0.2887
8,0.0001,0.0001,0.0001,0.2622,0.221
7,0,0,0.0001,0.2333,0
6,0,0,0,0.8261,-0.2174
5,0,0,0.0001,0.2308,0.0769
4,0.0001,0,0.0002,0.1926,0.1385
3,0,0,0,0.433,0.0722
2,0,0,0.0001,0.2422,0.1491
1,0.0001,0,0.0001,0.2696,0.0539
0,0,0,0.0002,0.1564,0.0509
Green,X,Y,Z,x,y
255,135.2498,517.0472,46.286,0.1936,0.7401
254,133.4688,509.5875,45.4518,0.1939,0.7401
253,132.3209,504.8073,44.9101,0.194,0.7401
252,131.4534,501.0921,44.499,0.1942,0.7401
251,130.6762,497.6126,44.1131,0.1943,0.7401
250,129.6147,493.2134,43.6272,0.1945,0.7401
249,128.6909,489.3391,43.1976,0.1946,0.74
248,127.8854,485.8231,42.7931,0.1948,0.74
247,126.5563,480.2382,42.1886,0.195,0.74
246,125.08,474.0057,41.5214,0.1953,0.7399
245,123.7262,468.2951,40.8739,0.1955,0.7399
244,122.1236,461.6346,40.1695,0.1957,0.7399
243,121.0725,457.1613,39.6836,0.1959,0.7398
242,120.0504,452.9005,39.2105,0.1961,0.7398
241,119.1128,448.8902,38.78,0.1963,0.7398
240,117.8635,443.7325,38.2312,0.1965,0.7398
239,116.7599,439.1522,37.7695,0.1967,0.7397
238,115.6763,434.6199,37.2831,0.1969,0.7397
237,114.6306,430.3083,36.8098,0.197,0.7397
236,113.8135,426.8162,36.4293,0.1972,0.7396
235,112.5626,421.6763,35.9055,0.1974,0.7396
234,111.633,417.7905,35.4935,0.1976,0.7396
233,110.4987,413.1347,35.0011,0.1978,0.7395
232,109.5423,409.1375,34.583,0.198,0.7395
231,108.3335,404.2112,34.0836,0.1982,0.7395
230,107.2569,399.7714,33.6157,0.1984,0.7394
229,106.4307,396.3186,33.26,0.1986,0.7394
228,105.3802,392.0029,32.8227,0.1988,0.7393
227,104.3747,387.822,32.3862,0.199,0.7393
226,103.0917,382.6553,31.8617,0.1992,0.7393
225,102.2058,378.9672,31.475,0.1994,0.7392
224,100.9792,374.0377,30.9817,0.1996,0.7392
223,99.972,369.8754,30.5632,0.1998,0.7391
222,99.0392,366.0421,30.1759,0.2,0.7391
221,97.9645,361.7088,29.7447,0.2002,0.7391
220,96.9285,357.4964,29.3142,0.2004,0.739
219,95.9347,353.4164,28.9143,0.2006,0.739
218,94.9445,349.4076,28.5084,0.2008,0.7389
217,93.7978,344.8008,28.0462,0.201,0.7389
216,92.9099,341.1921,27.7079,0.2012,0.7388
215,91.9495,337.2907,27.3085,0.2014,0.7388
214,90.7389,332.4761,26.8399,0.2016,0.7387
213,89.7771,328.5964,26.4767,0.2018,0.7387
212,88.7679,324.5542,26.0707,0.202,0.7386
211,87.9182,321.0649,25.7208,0.2022,0.7386
210,86.8914,316.961,25.3267,0.2025,0.7385
209,85.8296,312.7455,24.9264,0.2027,0.7385
208,84.8501,308.8493,24.5514,0.2029,0.7384
207,83.8492,304.8369,24.1694,0.2031,0.7384
206,82.7874,300.6167,23.7751,0.2033,0.7383
205,81.7632,296.5801,23.3875,0.2035,0.7383
204,80.8985,293.1163,23.0619,0.2037,0.7382
203,79.8108,288.8227,22.6615,0.204,0.7381
202,78.8462,284.9888,22.3044,0.2042,0.738
201,77.8954,281.2562,21.9418,0.2044,0.738
200,76.9003,277.3139,21.5726,0.2046,0.738
199,75.907,273.4389,21.2216,0.2048,0.7379
198,74.9686,269.7569,20.8714,0.2051,0.7379
197,73.9941,265.9036,20.5206,0.2053,0.7378
196,73.1503,262.586,20.2136,0.2055,0.7377
195,72.1868,258.834,19.869,0.2057,0.7377
194,71.1479,254.7601,19.5055,0.206,0.7376
193,70.2845,251.3789,19.1924,0.2062,0.7375
192,69.2484,247.3972,18.8231,0.2064,0.7375
191,68.428,244.1729,18.5468,0.2066,0.7374
190,67.4317,240.323,18.2019,0.2069,0.7373
189,66.5392,236.8362,17.8886,0.2071,0.7372
188,65.5238,232.9549,17.5436,0.2073,0.7371
187,64.6242,229.4385,17.2361,0.2076,0.737
186,63.8031,226.2443,16.9479,0.2078,0.737
185,62.8116,222.4666,16.6095,0.2081,0.7369
184,61.8605,218.8376,16.2896,0.2083,0.7369
183,61.095,215.8987,16.0322,0.2085,0.7368
182,60.0625,211.9481,15.6994,0.2088,0.7367
181,59.1552,208.5072,15.4042,0.209,0.7366
180,58.3664,205.5144,15.1407,0.2092,0.7366
179,57.395,201.7928,14.8086,0.2095,0.7365
178,56.5405,198.4994,14.5382,0.2097,0.7363
177,55.5861,194.9334,14.2307,0.21,0.7363
176,54.8632,192.1416,13.9919,0.2102,0.7362
175,53.9138,188.5484,13.6964,0.2105,0.7361
174,53.0308,185.2208,13.4078,0.2107,0.736
173,52.1011,181.7531,13.1127,0.211,0.7359
172,51.3543,178.9399,12.874,0.2112,0.7359
171,50.4881,175.6519,12.6035,0.2115,0.7357
170,49.5839,172.2843,12.3269,0.2117,0.7356
169,48.7696,169.2277,12.0694,0.212,0.7356
168,47.898,166.0072,11.8053,0.2122,0.7355
167,47.0996,163.0224,11.5661,0.2125,0.7354
166,46.2337,159.7964,11.308,0.2127,0.7352
165,45.4262,156.7755,11.0565,0.213,0.7351
164,44.5752,153.6261,10.7988,0.2133,0.7351
163,43.7475,150.5814,10.5591,0.2135,0.7349
162,42.9728,147.7061,10.3203,0.2138,0.7349
161,42.05,144.3151,10.0617,0.2141,0.7347
160,41.2373,141.3097,9.8164,0.2144,0.7346
159,40.2137,137.574,9.5205,0.2147,0.7345
158,39.3613,134.4486,9.2749,0.215,0.7344
157,38.2569,130.4308,8.9599,0.2154,0.7342
156,37.2726,126.8621,8.6827,0.2157,0.7341
155,36.2684,123.2306,8.3871,0.216,0.734
154,35.2475,119.5123,8.1154,0.2164,0.7338
153,34.2065,115.7263,7.8254,0.2168,0.7336
152,33.2167,112.168,7.5542,0.2172,0.7334
151,32.2654,108.7521,7.2956,0.2175,0.7333
150,31.2314,105.0567,7.018,0.2179,0.7331
149,30.2623,101.583,6.7531,0.2183,0.7329
148,29.3747,98.4065,6.5316,0.2187,0.7327
147,28.3922,94.9436,6.2668,0.2191,0.7326
146,27.4463,91.5691,6.0144,0.2195,0.7324
145,26.5667,88.4535,5.793,0.2199,0.7322
144,25.6514,85.2221,5.5531,0.2203,0.732
143,24.7532,82.0854,5.3196,0.2207,0.7319
142,23.8699,78.9798,5.0983,0.2211,0.7316
141,23.019,76.0074,4.8955,0.2215,0.7314
140,22.1687,73.0567,4.6747,0.2219,0.7313
139,21.3358,70.1494,4.4782,0.2223,0.731
138,20.5064,67.2885,4.2758,0.2227,0.7308
137,19.6952,64.4975,4.0736,0.2231,0.7307
136,18.9438,61.8936,3.8999,0.2236,0.7304
135,18.1399,59.1396,3.71,0.224,0.7302
134,17.3946,56.593,3.5389,0.2244,0.73
133,16.6607,54.0897,3.3618,0.2248,0.7298
132,15.9716,51.7433,3.2034,0.2252,0.7296
131,15.2386,49.2649,3.0446,0.2256,0.7293
130,14.5678,46.9908,2.8864,0.2261,0.7292
129,13.8954,44.7269,2.7403,0.2264,0.7289
128,13.2325,42.5066,2.5944,0.2268,0.7287
127,12.5911,40.3412,2.4486,0.2274,0.7284
126,11.9799,38.3041,2.3154,0.2278,0.7282
125,11.3846,36.3275,2.1944,0.2281,0.7279
124,10.7983,34.3845,2.0675,0.2285,0.7277
123,10.2213,32.4802,1.9407,0.229,0.7276
122,9.6865,30.7087,1.8313,0.2294,0.7272
121,9.179,29.0466,1.7203,0.2298,0.7271
120,8.6614,27.3499,1.6184,0.2302,0.7268
119,8.1518,25.6831,1.5105,0.2306,0.7266
118,7.6435,24.025,1.4086,0.2311,0.7263
117,7.1678,22.4813,1.3132,0.2315,0.7261
116,6.8521,21.4562,1.2496,0.2318,0.7259
115,6.5567,20.5047,1.1922,0.2321,0.7257
114,6.2835,19.6229,1.1381,0.2323,0.7256
113,6.1179,19.0862,1.1032,0.2326,0.7255
112,5.8582,18.2563,1.0523,0.2328,0.7254
111,5.6252,17.5094,1.0077,0.233,0.7253
110,5.4443,16.9284,0.9727,0.2332,0.7251
109,5.2046,16.1611,0.928,0.2335,0.7249
108,5.0359,15.6222,0.8931,0.2337,0.7249
107,4.8114,14.9074,0.858,0.2338,0.7245
106,4.6237,14.3084,0.819,0.2341,0.7244
105,4.4353,13.7127,0.7852,0.2343,0.7243
104,4.2483,13.1185,0.7479,0.2345,0.7242
103,4.065,12.5393,0.7159,0.2347,0.724
102,3.8956,12.0045,0.684,0.2349,0.7239
101,3.7388,11.5102,0.6557,0.2351,0.7237
100,3.5862,11.0271,0.6257,0.2353,0.7236
99,3.3881,10.405,0.5867,0.2356,0.7236
98,3.2482,9.9654,0.5646,0.2357,0.7233
97,3.1006,9.4972,0.5364,0.2361,0.7231
96,2.9595,9.0555,0.5091,0.2363,0.723
95,2.8112,8.5923,0.4861,0.2364,0.7227
94,2.6779,8.1803,0.4597,0.2366,0.7228
93,2.553,7.791,0.437,0.2368,0.7227
92,2.4382,7.4323,0.4194,0.237,0.7223
91,2.307,7.0236,0.3949,0.2372,0.7222
90,2.1795,6.6306,0.3721,0.2374,0.7221
89,2.0744,6.308,0.3529,0.2375,0.7221
88,1.9641,5.9644,0.3329,0.2377,0.722
87,1.845,5.5974,0.3093,0.238,0.7221
86,1.7752,5.3817,0.3,0.2381,0.7217
85,1.6564,5.0211,0.279,0.2381,0.7218
84,1.6035,4.8533,0.2698,0.2384,0.7215
83,1.4382,4.3434,0.2442,0.2387,0.7208
82,1.3231,3.9902,0.2235,0.239,0.7207
81,1.1991,3.612,0.202,0.2392,0.7205
80,1.0973,3.3026,0.1833,0.2394,0.7206
79,0.9918,2.9787,0.1652,0.2398,0.7202
78,0.9034,2.7123,0.152,0.2398,0.7199
77,0.8137,2.4412,0.1357,0.24,0.72
76,0.7424,2.2228,0.1238,0.2403,0.7196
75,0.6611,1.9785,0.1107,0.2404,0.7194
74,0.5993,1.7915,0.1003,0.2406,0.7192
73,0.5313,1.5895,0.0863,0.2407,0.7202
72,0.4811,1.4363,0.0817,0.2407,0.7185
71,0.4261,1.2708,0.0717,0.2409,0.7185
70,0.3835,1.1422,0.0653,0.241,0.7179
69,0.3378,1.006,0.0553,0.2414,0.7191
68,0.3064,0.9134,0.0506,0.2412,0.719
67,0.2465,0.734,0.0406,0.2414,0.7188
66,0.2006,0.5968,0.0337,0.2413,0.7181
65,0.163,0.485,0.0276,0.2413,0.7178
64,0.1324,0.3937,0.0223,0.2413,0.718
63,0.1062,0.316,0.0178,0.2414,0.7181
62,0.0861,0.2565,0.0143,0.2413,0.7186
61,0.0693,0.2064,0.0116,0.2411,0.7183
60,0.0573,0.1707,0.0096,0.241,0.7186
59,0.0419,0.1253,0.0072,0.2404,0.7182
58,0.028,0.0835,0.0047,0.2411,0.718
57,0.0157,0.0468,0.0027,0.2413,0.7173
56,0.0072,0.0214,0.0013,0.2419,0.7147
55,0.0028,0.0081,0.0006,0.2406,0.7096
54,0.0011,0.0031,0.0003,0.2443,0.6966
53,0.0005,0.0014,0.0002,0.2435,0.6517
52,0.0003,0.0006,0.0002,0.2381,0.6037
51,0.0001,0.0003,0.0001,0.2764,0.5399
50,0.0001,0.0001,0.0002,0.2563,0.2965
49,0.0001,0.0001,0.0001,0.2881,0.2263
48,0,0.0001,0.0002,0.1149,0.2128
47,0,0,0.0001,0.197,0.2217
46,0,0,0.0001,0.2326,0.2558
45,0,0,0.0001,0.1484,0.2033
44,0,0,0.0002,0.1061,0.0112
43,0,0,0.0001,0.1897,0.1897
42,0,0,0.0001,0.1217,0.0952
41,0,0,0.0001,0.2692,0.1026
40,0.0001,0,0.0002,0.2296,0
39,0.0001,0,0.0001,0.2654,0.128
38,0.0001,0,0.0002,0.1993,0.1317
37,0.0001,0,0.0001,0.2892,0.1324
36,0,0.0001,0.0001,0.2469,0.3951
35,0,0,0,0.4051,-0.0127
34,0,0,0.0001,0.3,0.1769
33,0,0.0001,0.0001,0.2166,0.2396
32,0,0,0.0001,0.2258,0.086
31,0.0001,0,0.0001,0.2842,0.0164
30,0,0,0.0001,0.4273,-0.2273
29,0.0001,0,0.0001,0.4355,-0.1452
28,0,0,0.0001,0.2829,0.2039
27,0,0,0.0001,0.1912,0.0833
26,0,0,0.0001,0.2185,0.2649
25,0,0,0.0002,0.1541,0.0645
24,0.0001,0,0.0001,0.2353,0.1849
23,0,0,0.0001,0.2009,0.1542
22,0.0001,0,0.0002,0.2629,0.1076
21,0.0001,0,0.0001,0.328,0.1005
20,0,0,0.0001,0.2364,0.1697
19,0,0,0.0002,0.1619,0.1984
18,0.0001,0,0.0001,0.4472,0.0813
17,0,0,0.0001,0.2625,0
16,0,0,0.0001,0.1846,0.1077
15,0,0,0.0001,0.15,0.11
14,0,0.0001,0.0001,0.1393,0.4229
13,0,0,0.0001,0.2205,0.2256
12,0,0,0.0001,0.1329,0.042
11,0.0001,0,0,0.4333,0.25
10,0,0,0.0001,0.2041,0.2449
9,0,0,0.0001,0.3423,-0.045
8,0,0.0001,0.0001,0.2487,0.3386
7,0,0,0.0002,0.1658,-0.0363
6,0,0,0.0001,0.1786,-0.0214
5,0.0001,0,0.0001,0.2525,0.202
4,0.0001,0,0.0001,0.3766,0.1169
3,0,0,0.0001,0.1182,0.2636
2,0,0,0,0.398,0.1122
1,0.0001,0,0.0001,0.3711,0.1384
0,0,0,0,0.5469,0.1719
Blue,X,Y,Z,x,y
255,143.1736,48.5922,831.1962,0.14,0.0475
254,141.4558,48.023,821.225,0.14,0.0475
253,140.6908,47.7749,816.7957,0.14,0.0475
252,140.2212,47.619,814.0992,0.1399,0.0475
251,138.0919,46.9143,801.8406,0.1399,0.0475
250,137.8636,46.8403,800.5473,0.1399,0.0475
249,135.4784,46.0443,786.6027,0.1399,0.0476
248,133.7114,45.473,776.4701,0.1399,0.0476
247,131.423,44.7118,763.1777,0.1399,0.0476
246,129.7641,44.1645,753.5735,0.1399,0.0476
245,127.7633,43.4976,741.9968,0.1399,0.0476
244,125.8879,42.8765,731.134,0.1399,0.0476
243,123.9613,42.2417,719.9894,0.1399,0.0477
242,122.0286,41.5994,708.8159,0.1399,0.0477
241,120.3409,41.0427,698.9846,0.1399,0.0477
240,118.4291,40.4033,687.9109,0.1399,0.0477
239,116.8696,39.8863,678.8705,0.1399,0.0477
238,114.8678,39.2225,667.3107,0.1398,0.0478
237,113.224,38.6734,657.796,0.1398,0.0478
236,111.4026,38.0738,647.242,0.1398,0.0478
235,109.914,37.5771,638.6452,0.1398,0.0478
234,108.141,36.9863,628.3472,0.1398,0.0478
233,106.4912,36.4394,618.7903,0.1398,0.0478
232,104.8324,35.8828,609.1891,0.1398,0.0478
231,103.0855,35.2982,599.0723,0.1398,0.0479
230,101.3949,34.74,589.2715,0.1398,0.0479
229,99.8278,34.2105,580.1773,0.1398,0.0479
228,98.2425,33.6836,571.0212,0.1398,0.0479
227,96.7336,33.1773,562.2134,0.1398,0.0479
226,95.2659,32.6894,553.7732,0.1397,0.048
225,93.5669,32.1207,543.9019,0.1397,0.048
224,92.0008,31.596,534.7948,0.1397,0.048
223,90.5927,31.1193,526.6583,0.1397,0.048
222,88.9642,30.5774,517.1803,0.1397,0.048
221,87.6379,30.1311,509.5442,0.1397,0.048
220,85.9843,29.5808,499.9134,0.1397,0.0481
219,84.5497,29.0928,491.5878,0.1397,0.0481
218,83.0993,28.6086,483.1328,0.1397,0.0481
217,81.651,28.1263,474.7947,0.1397,0.0481
216,80.3245,27.6788,467.088,0.1397,0.0481
215,79.0232,27.2428,459.5685,0.1397,0.0481
214,77.4646,26.7159,450.5122,0.1397,0.0482
213,76.0869,26.2477,442.5418,0.1396,0.0482
212,74.7641,25.8079,434.8727,0.1396,0.0482
211,73.4168,25.35,427.0507,0.1396,0.0482
210,72.1074,24.9107,419.4489,0.1396,0.0482
209,70.8492,24.4827,412.1242,0.1396,0.0482
208,69.4185,23.9968,403.7976,0.1396,0.0483
207,68.1733,23.58,396.6056,0.1396,0.0483
206,66.9669,23.1711,389.589,0.1396,0.0483
205,65.6347,22.7244,381.901,0.1396,0.0483
204,64.2522,22.2498,373.8277,0.1396,0.0483
203,62.9793,21.8227,366.4574,0.1396,0.0484
202,61.7605,21.4063,359.3863,0.1396,0.0484
201,60.6557,21.0306,352.969,0.1395,0.0484
200,59.3955,20.605,345.6375,0.1395,0.0484
199,58.2534,20.218,338.9963,0.1395,0.0484
198,57.0947,19.8232,332.2642,0.1395,0.0484
197,55.9089,19.4176,325.3746,0.1395,0.0485
196,54.7215,19.0174,318.5093,0.1395,0.0485
195,53.662,18.6527,312.3282,0.1395,0.0485
194,52.5035,18.263,305.6082,0.1395,0.0485
193,51.5125,17.9186,299.8629,0.1395,0.0485
192,50.5361,17.5885,294.1539,0.1395,0.0485
191,49.564,17.257,288.5176,0.1395,0.0486
190,48.6458,16.9447,283.1961,0.1395,0.0486
189,47.7482,16.6378,277.9835,0.1395,0.0486
188,46.8214,16.3171,272.5773,0.1395,0.0486
187,46.1021,16.0708,268.4121,0.1395,0.0486
186,45.1716,15.7579,263.0119,0.1394,0.0486
185,44.3878,15.4866,258.4411,0.1394,0.0487
184,43.5939,15.2154,253.84,0.1394,0.0487
183,42.8622,14.966,249.59,0.1394,0.0487
182,42.0868,14.6998,245.0616,0.1394,0.0487
181,41.3156,14.432,240.5997,0.1394,0.0487
180,40.5422,14.1659,236.0834,0.1394,0.0487
179,39.8541,13.9329,232.0938,0.1394,0.0487
178,39.0705,13.6643,227.5412,0.1394,0.0488
177,38.2787,13.3934,222.9582,0.1394,0.0488
176,37.5386,13.1385,218.6478,0.1394,0.0488
175,36.8272,12.8915,214.4765,0.1394,0.0488
174,36.1764,12.6676,210.729,0.1394,0.0488
173,35.4776,12.4263,206.6486,0.1394,0.0488
172,34.7293,12.1691,202.3139,0.1394,0.0488
171,34.0204,11.9277,198.1911,0.1393,0.0489
170,33.4087,11.7165,194.6192,0.1394,0.0489
169,32.7348,11.4813,190.6961,0.1393,0.0489
168,32.0442,11.2426,186.6581,0.1394,0.0489
167,31.4143,11.0291,183.0256,0.1393,0.0489
166,30.7693,10.8045,179.26,0.1393,0.0489
165,30.1227,10.5829,175.5186,0.1393,0.0489
164,29.509,10.3697,171.9649,0.1393,0.0489
163,28.8206,10.1336,167.9389,0.1393,0.049
162,28.2336,9.9258,164.5123,0.1393,0.049
161,27.6426,9.7202,161.0555,0.1393,0.049
160,27.0372,9.5119,157.532,0.1393,0.049
159,26.482,9.321,154.3422,0.1393,0.049
158,25.9096,9.1209,150.989,0.1393,0.049
157,25.292,8.9074,147.3997,0.1393,0.049
156,24.7737,8.7292,144.3794,0.1393,0.0491
155,24.2056,8.5295,141.0685,0.1393,0.0491
154,23.6709,8.3462,137.9695,0.1393,0.0491
153,23.0839,8.138,134.5195,0.1393,0.0491
152,22.5451,7.9521,131.4023,0.1393,0.0491
151,22.058,7.7849,128.5696,0.1392,0.0491
150,21.5499,7.6046,125.6038,0.1392,0.0491
149,21.0337,7.4263,122.5895,0.1393,0.0492
148,20.5051,7.2431,119.5208,0.1392,0.0492
147,20.0117,7.0708,116.6518,0.1392,0.0492
146,19.541,6.9042,113.9099,0.1392,0.0492
145,19.0374,6.7293,110.9925,0.1392,0.0492
144,18.573,6.5701,108.2809,0.1392,0.0492
143,18.1211,6.4141,105.654,0.1392,0.0493
142,17.6669,6.2526,102.9908,0.1392,0.0493
141,17.2358,6.1023,100.491,0.1392,0.0493
140,16.8064,5.9492,97.9791,0.1392,0.0493
139,16.3297,5.7849,95.2069,0.1392,0.0493
138,15.913,5.64,92.7858,0.1392,0.0493
137,15.521,5.5004,90.4858,0.1392,0.0493
136,15.1064,5.3556,88.0828,0.1392,0.0493
135,14.6774,5.2079,85.5952,0.1391,0.0494
134,14.2731,5.0657,83.2407,0.1391,0.0494
133,13.9164,4.9376,81.1646,0.1391,0.0494
132,13.5057,4.7924,78.7556,0.1392,0.0494
131,13.1481,4.6679,76.6791,0.1391,0.0494
130,12.7739,4.5367,74.5001,0.1391,0.0494
129,12.3695,4.3943,72.1336,0.1391,0.0494
128,11.9508,4.2494,69.7065,0.1391,0.0495
127,11.4947,4.0884,67.0585,0.1391,0.0495
126,10.9825,3.9076,64.0564,0.1391,0.0495
125,10.3719,3.6931,60.5066,0.1391,0.0495
124,9.7508,3.473,56.8781,0.1391,0.0495
123,9.1444,3.2587,53.3525,0.1391,0.0496
122,8.5866,3.0617,50.0931,0.1391,0.0496
121,8.0246,2.8635,46.8127,0.1391,0.0496
120,7.5041,2.679,43.7773,0.1391,0.0496
119,7.0064,2.5016,40.8811,0.139,0.0496
118,6.5156,2.3301,38.0053,0.1391,0.0497
117,6.0511,2.1644,35.3044,0.139,0.0497
116,5.7038,2.0421,33.2801,0.139,0.0498
115,5.3955,1.9306,31.4825,0.139,0.0497
114,5.2074,1.8642,30.389,0.139,0.0498
113,5.0135,1.7957,29.2532,0.139,0.0498
112,4.8273,1.7293,28.1614,0.139,0.0498
111,4.5997,1.647,26.8344,0.139,0.0498
110,4.408,1.5786,25.7296,0.139,0.0498
109,4.2212,1.5132,24.6336,0.139,0.0498
108,4.0529,1.453,23.6508,0.139,0.0498
107,3.8641,1.3866,22.5496,0.139,0.0499
106,3.6877,1.3219,21.5149,0.139,0.0498
105,3.516,1.2611,20.5036,0.1391,0.0499
104,3.3673,1.2083,19.6489,0.139,0.0499
103,3.2007,1.1489,18.6757,0.139,0.0499
102,3.054,1.097,17.821,0.139,0.0499
101,2.92,1.0489,17.0364,0.139,0.0499
100,2.7976,1.0039,16.3296,0.139,0.0499
99,2.6455,0.9499,15.4385,0.139,0.0499
98,2.5193,0.9045,14.7093,0.1389,0.0499
97,2.3941,0.8604,13.967,0.139,0.05
96,2.2779,0.8179,13.2853,0.1391,0.0499
95,2.1677,0.7795,12.6556,0.1389,0.05
94,2.0539,0.7386,11.9799,0.139,0.05
93,1.9468,0.6991,11.3631,0.139,0.0499
92,1.8595,0.6693,10.8379,0.1391,0.0501
91,1.7543,0.6318,10.23,0.139,0.0501
90,1.6625,0.5984,9.6949,0.1391,0.0501
89,1.5762,0.5677,9.1908,0.1391,0.0501
88,1.4897,0.5368,8.6919,0.139,0.0501
87,1.4052,0.5054,8.1998,0.139,0.05
86,1.3367,0.4815,7.7938,0.1391,0.0501
85,1.2697,0.4581,7.4051,0.139,0.0502
84,1.2071,0.4347,7.0362,0.1391,0.0501
83,1.0807,0.3887,6.3004,0.1391,0.05
82,1.0011,0.3613,5.8375,0.139,0.0502
81,0.9204,0.3323,5.3652,0.1391,0.0502
80,0.8455,0.3053,4.9279,0.1391,0.0502
79,0.7715,0.2784,4.4946,0.1391,0.0502
78,0.6976,0.2519,4.0704,0.139,0.0502
77,0.6412,0.2314,3.7382,0.1391,0.0502
76,0.5869,0.2121,3.4208,0.1391,0.0503
75,0.5281,0.1907,3.079,0.1391,0.0502
74,0.4823,0.1742,2.81,0.1391,0.0502
73,0.4351,0.1568,2.533,0.1392,0.0502
72,0.3965,0.1427,2.3121,0.1391,0.0501
71,0.3567,0.1286,2.0794,0.1391,0.0501
70,0.3246,0.117,1.8924,0.1391,0.0501
69,0.2952,0.1062,1.7191,0.1392,0.0501
68,0.268,0.097,1.5615,0.1391,0.0504
67,0.2192,0.0792,1.2776,0.1391,0.0503
66,0.1823,0.0658,1.0626,0.1391,0.0502
65,0.1506,0.0542,0.8779,0.1391,0.0501
64,0.1254,0.0451,0.7308,0.1391,0.05
63,0.1033,0.0371,0.6013,0.1392,0.05
62,0.0846,0.0304,0.4921,0.1394,0.0501
61,0.0671,0.0241,0.3899,0.1394,0.0501
60,0.0535,0.0192,0.3108,0.1394,0.0502
59,0.0393,0.0142,0.2285,0.1393,0.0504
58,0.0296,0.0107,0.1719,0.1395,0.0503
57,0.0225,0.0081,0.1308,0.1395,0.0502
56,0.0173,0.0062,0.1002,0.1397,0.0504
55,0.0134,0.0048,0.0776,0.1399,0.0504
54,0.0106,0.0038,0.0612,0.1401,0.0507
53,0.0082,0.003,0.0475,0.14,0.051
52,0.0057,0.0021,0.0329,0.1406,0.0517
51,0.003,0.0011,0.017,0.1409,0.0509
50,0.0014,0.0005,0.008,0.1427,0.0535
49,0.0006,0.0002,0.0035,0.1417,0.0521
48,0.0003,0.0001,0.0015,0.1528,0.0599
47,0.0002,0.0001,0.0007,0.1622,0.0832
46,0.0001,0.0001,0.0004,0.1507,0.101
45,0.0001,0,0.0002,0.1881,0.1285
44,0,0.0001,0.0002,0.0541,0.3108
43,0,0,0.0002,0.209,0.005
42,0,0,0.0001,0.1695,0.1638
41,0,0,0.0002,0.1527,0.1298
40,0,0,0.0001,0.0685,0.1233
39,0,0,0.0002,0.1909,0.0705
38,0,0.0001,0.0001,0.1872,0.2255
37,0.0001,0.0001,0.0002,0.2049,0.159
36,0.0001,0.0001,0.0002,0.1796,0.2289
35,0,0,0.0001,0.2414,0.0788
34,0,0,0.0001,0.1634,0.104
33,0,0,0.0001,0.2386,0.0909
32,0.0001,0,0.0001,0.3056,0.1944
31,0,0,0.0001,0.2335,0.1198
30,0.0001,0,0.0002,0.2312,0.078
29,0,0.0001,0.0001,0.2271,0.2512
28,0,0,0.0001,0.1508,0.206
27,0.0001,0.0001,0.0001,0.2271,0.2231
26,0,0,0.0002,0.1806,-0.0509
25,0.0001,0,0.0002,0.2511,0.034
24,0.0001,0,0.0002,0.1802,0.1351
23,0.0001,0.0001,0.0001,0.2308,0.3077
22,0.0001,0,0.0002,0.1963,0.1074
21,0.0001,0,0.0001,0.3641,0.0308
20,0,0,0.0002,0.1756,0.0049
19,0,0,0.0002,0.16,0.0933
18,0,0,0.0002,0.1623,0.1447
17,0.0001,0,0.0001,0.5191,0.0382
16,0,0,0,0.2679,0.3929
15,0,0,0.0002,0.1623,0.1447
14,0,0,0.0002,0.1582,0.1414
13,0,0,0.0002,0.0692,0.1692
12,0,0,0.0001,0.1571,0.1381
11,0,0,0.0002,0.1023,0.1477
10,0,0,0.0001,0.2139,0.2775
9,0,0,0.0001,0.1951,0.1805
8,0.0001,0,0.0001,0.2346,0.1975
7,0.0001,0,0.0002,0.3493,0.0331
6,0,0,0.0002,0.1581,0.1779
5,0,0,0.0001,0.1467,0.1576
4,0,0,0.0001,0.2139,0.0995
3,0,0,0.0001,0.2535,0.1972
2,0.0001,0,0.0002,0.2095,0.1265
1,0,0,0.0002,0.1962,-0.1962
0,0,0.0001,0.0001,0.2308,0.3636
